year,pop,births,marriages,divorces,migInCum,migOutCum,avgWealth,bankruptN,tfr,tfrTarget,tfrWill,fertWill,avgAge,avgIncome,mood,unempRate,expBirthsY,judgedN,mShareAvg,mShareUsed,fMulAvg,mShBandAvg,mShBand1,mShBand2,mShBand3,mShBand4,mShBand5,mShBand6,mShBand7,cohN,cohMean,coh0,coh1,coh2,coh3p,cohNever,cohDivWid,cohMarried,coh0Never,cohWant,cohExp,cohDonePct,cohWinY,cohMarWinY,cohExposurePct,cohByWant,cohBioMean,cohZeroMarriedLong,cohZeroProfile,cohLesbian,marWant,marTry,marCand,marMp,poolW,poolM,bN,bAgeMean,bAgeMax,bAgeMin,bOver42,bUnder15,asfrMean,wfMean,asfrOverReal,normE1,normE2,normE3,normE4,normE5,normE6
1,2563,80,35,20,8,0,9343,165,4.0344,0.7400,0.6081,0.8218,40.77,12508,25.4,0.0688,72.0,76486,0.7464,0.7308,1.0200,0.9200,0.031,0.664,0.989,0.933,0.892,0.986,0.957,57,1.316,15.8,49.1,28.1,7.0,0.0,3.5,96.5,0.0,1.228,0.000,70.2,0.00,0.00,,0:9/名下1.44/亲生1.44 1:29/名下1.14/亲生1.14 2:16/名下1.69/亲生1.69 3:3/名下0.67/亲生0.67,1.316,0.0,无子女者: 9人/已婚0.0年/Σp0.00/其中女同0人,本队列女同 5 人（8.8%）,0.8074936078281343,841356,521,464,39,60,80,29.44,39.6,20.2,0,0,0.4034,0.8651,1.175,0.965,0.961,0.926,0.871,0.808,0.660
2,2616,150,75,43,17,0,18939,512,3.8805,0.7451,0.7068,0.9486,40.26,14017,26.3,0.0681,56.4,56039,0.7562,0.7485,1.0840,0.9044,0.031,0.563,0.990,0.938,0.904,0.973,0.944,56,1.161,23.2,51.8,16.1,8.9,0.0,5.4,94.6,0.0,1.304,0.000,60.7,0.00,0.00,,0:6/名下1.50/亲生1.50 1:29/名下0.90/亲生0.90 2:19/名下1.53/亲生1.53 3:2/名下0.50/亲生0.50,1.161,0.0,无子女者: 13人/已婚0.0年/Σp0.00/其中女同1人,本队列女同 5 人（8.9%）,0.6842496103158175,845380,421,381,58,57,150,28.99,39.6,19.6,0,0,0.3479,1.0431,0.947,0.965,0.961,0.926,0.871,0.808,0.660
3,2658,208,148,85,26,0,31319,601,3.4327,0.7551,0.6793,0.8997,40.03,13752,17.0,0.0785,54.9,54232,0.7996,0.7854,1.1111,0.9162,0.012,0.702,0.990,0.941,0.932,0.955,0.899,52,1.192,23.1,46.2,23.1,7.7,1.9,7.7,90.4,1.9,1.192,0.000,69.2,0.00,0.00,,0:7/名下1.14/亲生1.14 1:29/名下1.03/亲生1.03 2:15/名下1.60/亲生1.60 3:1/名下0.00/亲生0.00,1.192,0.0,无子女者: 12人/已婚0.0年/Σp0.00/其中女同1人,本队列女同 3 人（5.8%）,0.47201891719567257,776057,781,697,37,29,208,28.73,39.6,19.6,0,0,0.3451,1.0759,0.934,0.965,0.961,0.926,0.871,0.808,0.660
4,2694,256,192,110,35,0,43096,623,3.0051,0.7697,0.7029,0.9132,40.01,13243,29.8,0.0848,53.9,50468,0.8095,0.7949,1.1402,0.9086,0.016,0.707,0.969,0.942,0.913,0.945,0.853,58,1.034,32.8,39.7,20.7,6.9,1.7,10.3,87.9,1.7,1.207,0.003,56.9,0.10,0.10,100.0,0:9/名下1.11/亲生1.11 1:29/名下0.90/亲生0.90 2:19/名下1.26/亲生1.26 3:1/名下0.00/亲生0.00,1.034,0.0,无子女者: 19人/已婚0.1年/Σp0.00/其中女同2人,本队列女同 4 人（6.9%）,0.49759798091622764,864242,347,293,43,24,256,28.52,41.1,19.6,0,0,0.3441,1.1347,0.883,0.965,0.961,0.926,0.871,0.808,0.660
5,2739,311,236,136,44,0,53667,619,2.8761,0.7885,0.7157,0.9077,39.94,13371,29.6,0.0798,48.5,46205,0.8218,0.8071,1.1574,0.9028,0.000,0.671,0.972,0.938,0.922,0.936,0.819,58,1.000,32.8,41.4,20.7,5.2,5.2,12.1,82.8,5.2,1.086,0.006,56.9,0.50,0.48,97.0,0:10/名下1.10/亲生1.10 1:33/名下0.97/亲生0.97 2:15/名下1.00/亲生1.00 3:0/名下—/亲生—,1.000,0.0,无子女者: 19人/已婚0.3年/Σp0.01/其中女同2人,本队列女同 3 人（5.2%）,0.9313629916591224,876408,450,386,46,16,311,28.50,42.0,19.6,0,0,0.3510,1.1211,0.915,0.965,0.961,0.926,0.871,0.808,0.660
6,2792,349,276,159,53,0,65225,617,2.3545,0.8110,0.6950,0.8569,39.72,13132,26.9,0.0847,40.9,37322,0.8251,0.8136,1.1659,0.8642,0.000,0.767,0.917,0.947,0.925,0.913,0.823,62,1.048,33.9,37.1,21.0,8.1,4.8,11.3,83.9,4.8,1.129,0.038,58.1,1.28,1.23,95.8,0:9/名下1.11/亲生1.11 1:38/名下1.03/亲生1.00 2:13/名下1.15/亲生1.08 3:2/名下0.50/亲生0.50,1.016,0.0,无子女者: 22人/已婚1.0年/Σp0.08/其中女同2人,本队列女同 2 人（3.2%）,1.4099898886780662,904373,347,301,46,10,349,28.26,42.0,19.6,0,0,0.3605,1.1174,0.901,0.965,0.961,0.926,0.871,0.808,0.660
7,2832,379,296,171,63,0,73327,601,1.9387,0.8366,0.7548,0.9022,39.56,14381,28.8,0.0825,32.9,31373,0.8213,0.8110,1.1735,0.8647,0.000,0.733,0.893,0.962,0.949,0.897,0.818,63,1.079,30.2,44.4,14.3,11.1,4.8,9.5,85.7,4.8,1.159,0.061,58.7,2.04,1.94,95.2,0:7/名下1.29/亲生1.29 1:41/名下0.98/亲生0.90 2:13/名下1.38/亲生1.23 3:2/名下0.50/亲生0.50,1.000,0.0,无子女者: 21人/已婚1.1年/Σp0.10/其中女同2人,本队列女同 2 人（3.2%）,1.5357140910299165,976197,198,180,53,12,379,28.11,42.0,19.6,0,0,0.3409,1.1447,0.891,0.965,0.961,0.926,0.871,0.808,0.660
8,2884,418,314,181,72,0,83988,572,1.8740,0.8646,0.8760,1.0133,39.37,15194,27.7,0.0605,29.4,24604,0.8184,0.8036,1.1708,0.8608,0.000,0.694,0.872,0.932,0.905,0.906,0.857,76,1.079,30.3,43.4,15.8,10.5,5.3,6.6,88.2,5.3,1.171,0.167,61.8,3.31,3.06,92.7,0:8/名下1.25/亲生1.13 1:51/名下1.02/亲生0.92 2:14/名下1.14/亲生1.07 3:3/名下1.33/亲生1.33,0.987,0.0,无子女者: 24人/已婚2.4年/Σp0.22/其中女同4人,本队列女同 5 人（6.6%）,2.3639081834855507,997701,223,192,66,15,418,27.93,42.0,19.6,0,0,0.3829,1.1684,0.879,0.965,0.961,0.926,0.871,0.808,0.660
9,2927,445,341,197,82,0,94677,595,1.6274,0.8942,0.9432,1.0548,39.45,15765,26.7,0.0636,25.5,21334,0.8124,0.8027,1.1741,0.8578,0.000,0.721,0.867,0.873,0.935,0.860,0.863,82,1.110,28.0,43.9,18.3,9.8,4.9,8.5,86.6,4.9,1.232,0.231,63.4,3.94,3.56,90.3,0:7/名下1.43/亲生1.14 1:53/名下1.04/亲生0.92 2:19/名下1.16/亲生1.11 3:3/名下1.33/亲生1.33,1.000,1.2,无子女者: 25人/已婚2.8年/Σp0.36/其中女同4人,本队列女同 5 人（6.1%）,3.1464467272868912,985986,230,204,68,15,445,27.78,42.0,19.6,0,0,0.3826,1.1783,0.876,0.965,0.961,0.926,0.871,0.808,0.660
10,2966,464,373,215,92,0,109942,615,1.3620,0.9248,0.9313,1.0070,39.82,15617,27.2,0.0841,19.2,16729,0.8149,0.8027,1.1509,0.8653,0.000,0.681,0.848,0.845,0.900,0.908,0.876,77,1.078,27.3,48.1,15.6,9.1,3.9,9.1,87.0,3.9,1.247,0.317,62.3,4.76,4.20,88.3,0:5/名下1.20/亲生0.80 1:50/名下0.94/亲生0.82 2:21/名下1.29/亲生1.19 3:1/名下3.00/亲生3.00,0.948,2.6,无子女者: 24人/已婚3.4年/Σp0.54/其中女同3人,本队列女同 4 人（5.2%）,3.312687596013287,987290,324,269,71,13,464,27.69,42.0,19.6,0,0,0.3936,1.1591,0.937,0.965,0.961,0.926,0.871,0.808,0.660
11,2992,484,407,235,102,0,116686,644,1.2364,0.9558,1.0133,1.0602,39.97,15240,27.8,0.0748,17.8,16245,0.8205,0.8015,1.1630,0.9020,0.000,0.706,0.869,0.870,0.900,0.885,0.868,91,1.165,24.2,44.0,23.1,8.8,1.1,9.9,89.0,1.1,1.242,0.378,65.9,5.88,5.11,86.8,0:8/名下1.25/亲生0.88 1:56/名下0.93/亲生0.77 2:25/名下1.56/亲生1.36 3:2/名下2.50/亲生2.50,0.978,5.5,无子女者: 26人/已婚4.1年/Σp0.69/其中女同3人,本队列女同 7 人（7.7%）,3.2177679276045694,992109,320,276,68,6,484,27.62,42.0,19.6,0,0,0.3591,1.1637,0.900,0.965,0.961,0.926,0.871,0.808,0.660
12,3031,498,429,247,112,0,121896,656,1.1184,0.9864,0.9707,0.9840,40.28,15347,28.6,0.0696,16.7,15767,0.8094,0.7961,1.1775,0.8433,0.000,0.685,0.838,0.887,0.919,0.886,0.875,92,1.163,23.9,44.6,22.8,8.7,2.2,9.8,88.0,2.2,1.185,0.411,71.7,6.83,5.92,86.7,0:9/名下0.78/亲生0.56 1:58/名下1.00/亲生0.76 2:24/名下1.67/亲生1.50 3:1/名下2.00/亲生2.00,0.946,10.9,无子女者: 26人/已婚4.6年/Σp0.75/其中女同0人,本队列女同 5 人（5.4%）,3.128517559231021,1035880,248,216,62,8,498,27.55,42.0,19.6,0,0,0.3420,1.1580,0.886,0.965,0.961,0.926,0.871,0.808,0.660
13,3060,522,456,263,122,0,133137,643,1.3351,1.0162,0.9687,0.9532,40.30,15308,30.8,0.0806,15.2,14797,0.8075,0.7942,1.1669,0.8694,0.000,0.717,0.885,0.868,0.907,0.889,0.847,92,1.087,27.2,44.6,20.7,7.6,4.3,12.0,83.7,4.3,1.174,0.462,69.6,7.35,6.39,86.9,0:9/名下0.78/亲生0.56 1:59/名下0.92/亲生0.69 2:23/名下1.61/亲生1.43 3:1/名下2.00/亲生2.00,0.880,9.8,无子女者: 29人/已婚4.1年/Σp0.68/其中女同1人,本队列女同 6 人（6.5%）,2.712396212647395,1036948,312,273,61,4,522,27.51,42.0,19.6,0,0,0.3357,1.1322,0.898,0.965,0.961,0.926,0.871,0.808,0.660
14,3076,536,472,272,132,0,140802,647,1.2271,1.0447,0.9742,0.9325,40.59,15698,28.4,0.0765,15.1,12801,0.7934,0.7797,1.1696,0.8405,0.000,0.667,0.887,0.868,0.896,0.885,0.802,96,1.104,25.0,46.9,21.9,6.3,6.3,12.5,81.3,6.3,1.135,0.448,76.0,7.98,6.83,85.5,0:11/名下0.73/亲生0.55 1:62/名下0.97/亲生0.77 2:22/名下1.64/亲生1.41 3:1/名下2.00/亲生2.00,0.906,9.4,无子女者: 26人/已婚3.8年/Σp0.56/其中女同1人,本队列女同 8 人（8.3%）,2.633836490823594,1075813,196,183,64,11,536,27.44,42.0,19.6,0,0,0.3786,1.1221,0.879,0.965,0.961,0.926,0.871,0.808,0.660
15,3098,555,497,287,143,0,145358,692,1.3309,1.0715,1.0507,0.9805,41.00,16480,28.9,0.0694,13.0,12396,0.7863,0.7778,1.1438,0.8662,0.000,0.660,0.923,0.856,0.884,0.904,0.802,96,1.115,26.0,44.8,22.9,6.3,6.3,15.6,78.1,6.3,1.135,0.592,82.3,8.98,7.72,86.0,0:16/名下0.38/亲生0.31 1:53/名下1.06/亲生0.85 2:26/名下1.58/亲生1.46 3:1/名下4.00/亲生4.00,0.958,9.4,无子女者: 27人/已婚4.2年/Σp0.36/其中女同2人,本队列女同 8 人（8.3%）,2.246834161741564,1054990,240,205,62,10,555,27.39,42.0,19.6,0,0,0.3289,1.1282,0.859,0.965,0.961,0.926,0.871,0.808,0.660
16,3127,570,522,301,153,0,150526,711,1.2683,1.0964,1.1374,1.0374,41.20,17584,29.8,0.0784,17.0,14419,0.7615,0.7348,1.1400,0.8462,0.000,0.566,0.895,0.851,0.856,0.911,0.771,88,1.205,21.6,47.7,22.7,8.0,3.4,15.9,80.7,3.4,1.159,0.663,88.6,10.19,8.77,86.1,0:16/名下0.38/亲生0.38 1:45/名下1.07/亲生0.93 2:25/名下1.80/亲生1.56 3:2/名下3.50/亲生3.50,1.068,6.8,无子女者: 20人/已婚4.3年/Σp0.23/其中女同2人,本队列女同 7 人（8.0%）,1.9941076684850358,1065476,298,262,69,8,570,27.38,42.0,19.6,0,0,0.3395,1.1584,0.790,0.965,0.961,0.926,0.871,0.808,0.660
17,3155,592,545,315,163,0,154992,758,1.5381,1.1191,1.1705,1.0459,41.54,17333,29.1,0.0789,18.9,15018,0.7283,0.7081,1.1503,0.7954,0.000,0.593,0.883,0.852,0.860,0.868,0.783,88,1.375,18.2,44.3,25.0,12.5,2.3,21.6,76.1,2.3,1.136,0.625,95.5,11.36,9.97,87.7,0:17/名下0.29/亲生0.29 1:46/名下1.28/亲生1.09 2:22/名下2.14/亲生1.77 3:3/名下3.33/亲生3.33,1.182,9.1,无子女者: 16人/已婚6.0年/Σp0.04/其中女同1人,本队列女同 6 人（6.8%）,2.024193251987878,1076536,150,135,77,6,592,27.32,42.0,19.6,0,0,0.3490,1.1754,0.759,0.965,0.961,0.926,0.871,0.808,0.660
18,3187,602,565,326,174,0,163643,738,1.2622,1.1396,1.1201,0.9829,41.85,17457,29.3,0.0780,16.0,13517,0.7025,0.6844,1.1683,0.7739,0.000,0.552,0.881,0.888,0.865,0.864,0.750,93,1.484,17.2,38.7,28.0,16.1,3.2,16.1,80.6,3.2,1.237,0.841,91.4,11.93,10.68,89.5,0:16/名下0.38/亲生0.31 1:43/名下1.33/亲生1.07 2:31/名下2.10/亲生1.71 3:3/名下3.33/亲生3.33,1.226,7.5,无子女者: 17人/已婚5.4年/Σp0.05/其中女同1人,本队列女同 6 人（6.5%）,1.883927847608824,1095232,233,199,75,10,602,27.26,42.0,19.6,0,0,0.3232,1.1778,0.746,0.965,0.961,0.926,0.871,0.808,0.660
19,3223,619,582,336,185,0,163768,790,1.2938,1.1578,1.1055,0.9548,42.12,16595,30.1,0.0839,18.5,13570,0.6866,0.6754,1.1840,0.7941,0.000,0.593,0.868,0.857,0.899,0.855,0.800,86,1.558,15.1,40.7,26.7,17.4,3.5,16.3,80.2,3.5,1.244,0.834,90.7,13.04,11.93,91.4,0:11/名下0.36/亲生0.27 1:46/名下1.30/亲生1.02 2:26/名下2.23/亲生1.69 3:3/名下4.00/亲生3.00,1.198,7.0,无子女者: 14人/已婚6.4年/Σp0.08/其中女同1人,本队列女同 6 人（7.0%）,1.8824760990037532,1117785,204,181,68,8,619,27.23,42.0,19.6,0,0,0.3788,1.1643,0.761,0.965,0.961,0.926,0.871,0.808,0.660
20,3250,633,606,350,195,0,166888,831,1.2345,1.1737,1.0428,0.8884,42.51,16587,30.7,0.0843,13.4,12020,0.6757,0.6595,1.1542,0.7975,0.000,0.569,0.843,0.897,0.891,0.863,0.832,85,1.635,12.9,37.6,30.6,18.8,4.7,9.4,85.9,4.7,1.282,0.959,89.4,13.85,12.80,92.4,0:7/名下0.29/亲生0.14 1:49/名下1.41/亲生1.00 2:27/名下2.19/亲生1.70 3:2/名下4.50/亲生3.00,1.200,5.9,无子女者: 13人/已婚7.0年/Σp0.13/其中女同1人,本队列女同 7 人（8.2%）,2.1783865901491026,1106892,217,188,65,6,633,27.20,42.0,19.6,0,0,0.3257,1.1137,0.798,0.965,0.961,0.926,0.871,0.808,0.660
21,3280,649,644,372,206,0,170180,840,1.2450,1.1875,1.0462,0.8810,42.86,16890,29.1,0.0702,20.8,14082,0.6586,0.6544,1.1534,0.7088,0.000,0.571,0.763,0.871,0.888,0.852,0.838,86,1.570,12.8,39.5,30.2,17.4,5.8,9.3,84.9,5.8,1.267,1.089,88.4,14.56,13.35,91.7,0:8/名下0.50/亲生0.25 1:49/名下1.27/亲生0.88 2:27/名下2.22/亲生1.78 3:2/名下4.50/亲生3.00,1.151,4.7,无子女者: 14人/已婚6.9年/Σp0.12/其中女同1人,本队列女同 8 人（9.3%）,2.370423418512125,1078905,388,345,61,3,649,27.14,42.0,19.6,0,0,0.3731,1.1218,0.691,0.965,0.961,0.926,0.871,0.808,0.660
22,3306,669,681,393,217,0,173995,859,1.2775,1.1994,1.3135,1.0951,43.09,17716,31.3,0.0655,29.6,17867,0.6520,0.6478,1.1457,0.7015,0.000,0.586,0.785,0.891,0.847,0.885,0.795,94,1.574,12.8,41.5,29.8,16.0,4.3,14.9,80.9,4.3,1.202,1.025,90.4,15.67,14.17,90.4,0:8/名下0.50/亲生0.13 1:61/名下1.26/亲生0.89 2:23/名下2.52/亲生1.87 3:2/名下4.50/亲生3.00,1.106,6.4,无子女者: 15人/已婚8.4年/Σp0.15/其中女同2人,本队列女同 9 人（9.6%）,2.568170700729439,1101032,352,312,62,4,669,27.06,42.0,19.6,0,0,0.3661,1.2340,0.606,0.965,0.961,0.926,0.871,0.808,0.660
23,3352,697,730,421,228,0,180994,872,1.4327,1.2094,1.0974,0.9074,43.38,18785,22.7,0.0609,27.2,17927,0.6525,0.6535,1.1335,0.7198,0.000,0.653,0.825,0.871,0.851,0.873,0.810,93,1.495,16.1,41.9,24.7,17.2,6.5,11.8,81.7,6.5,1.237,1.048,86.0,15.72,13.84,88.0,0:8/名下0.63/亲生0.13 1:57/名下1.23/亲生0.88 2:26/名下2.35/亲生1.65 3:2/名下1.50/亲生1.50,1.043,5.4,无子女者: 19人/已婚6.4年/Σp0.13/其中女同1人,本队列女同 7 人（7.5%）,2.112917467268389,1076603,475,424,51,12,697,26.96,42.0,19.6,0,0,0.3329,1.3266,0.602,0.965,0.961,0.926,0.871,0.808,0.660
24,3388,725,778,449,240,0,194452,848,1.5043,1.2177,1.2822,1.0529,43.56,19102,31.0,0.0590,26.6,20954,0.6585,0.6626,1.1384,0.7445,0.000,0.746,0.851,0.860,0.840,0.853,0.763,93,1.409,17.2,46.2,21.5,15.1,5.4,17.2,77.4,5.4,1.204,0.975,86.0,16.67,14.27,85.6,0:9/名下0.67/亲生0.11 1:58/名下1.17/亲生0.90 2:24/名下2.25/亲生1.54 3:2/名下1.50/亲生1.50,1.000,5.4,无子女者: 20人/已婚6.5年/Σp0.13/其中女同2人,本队列女同 9 人（9.7%）,1.6093037926727476,1102294,531,472,49,5,725,26.90,42.0,19.6,0,0,0.3282,1.1803,0.708,0.965,0.961,0.926,0.871,0.808,0.660
25,3421,754,826,477,251,0,211759,862,1.4534,1.2246,1.2361,1.0094,43.70,19480,23.5,0.0682,27.3,24362,0.6651,0.6725,1.1470,0.7825,0.000,0.758,0.881,0.839,0.903,0.854,0.719,101,1.426,15.8,47.5,21.8,14.9,4.0,22.8,73.3,4.0,1.218,0.998,86.1,17.72,15.05,84.9,0:7/名下0.71/亲生0.00 1:66/名下1.18/亲生0.91 2:27/名下2.26/亲生1.59 3:1/名下0.00/亲生0.00,1.020,5.0,无子女者: 20人/已婚6.6年/Σp0.31/其中女同2人,本队列女同 10 人（9.9%）,1.749932715982787,1107303,423,378,49,0,754,26.82,42.0,19.6,0,0,0.3069,1.1633,0.749,0.965,0.961,0.926,0.871,0.808,0.660
26,3464,788,881,509,263,0,215354,886,1.5084,1.2302,1.2184,0.9904,43.77,18988,22.7,0.0661,33.3,28880,0.6848,0.7000,1.1316,0.8151,0.000,0.804,0.882,0.791,0.909,0.881,0.706,95,1.326,17.9,48.4,21.1,12.6,5.3,20.0,74.7,5.3,1.168,0.906,86.3,18.70,15.45,82.6,0:8/名下0.88/亲生0.00 1:64/名下1.16/亲生0.91 2:22/名下2.05/亲生1.55 3:1/名下0.00/亲生0.00,0.968,5.3,无子女者: 21人/已婚7.7年/Σp0.24/其中女同1人,本队列女同 8 人（8.4%）,1.4203121963319418,1098105,497,444,41,4,788,26.70,42.0,19.6,0,0,0.3345,1.1256,0.795,0.965,0.961,0.926,0.871,0.808,0.660
27,3508,825,918,530,274,0,216410,887,1.6012,1.2348,1.1770,0.9532,43.71,18961,10.4,0.0660,29.0,28154,0.7007,0.7084,1.1410,0.8037,0.000,0.738,0.897,0.829,0.899,0.875,0.756,114,1.482,13.2,45.6,26.3,14.9,4.4,18.4,77.2,4.4,1.175,1.015,91.2,20.42,17.13,83.9,0:9/名下0.89/亲生0.00 1:77/名下1.23/亲生0.94 2:27/名下2.33/亲生1.78 3:1/名下3.00/亲生3.00,1.079,5.3,无子女者: 19人/已婚9.9年/Σp0.24/其中女同1人,本队列女同 10 人（8.8%）,1.709424298999231,1166307,475,405,42,10,825,26.60,42.0,19.6,0,0,0.3094,1.1080,0.822,0.965,0.961,0.926,0.871,0.808,0.660
28,3545,861,972,561,286,0,225293,902,1.6117,1.2384,1.2188,0.9842,43.91,19424,24.7,0.0565,33.7,30890,0.7144,0.7247,1.1430,0.8027,0.000,0.814,0.871,0.794,0.924,0.856,0.769,125,1.520,14.4,40.8,30.4,14.4,4.8,16.0,79.2,4.8,1.184,1.008,91.2,20.52,17.04,83.0,0:12/名下0.67/亲生0.08 1:80/名下1.24/亲生0.93 2:31/名下2.55/亲生1.94 3:2/名下2.00/亲生2.00,1.112,6.4,无子女者: 21人/已婚10.2年/Σp0.26/其中女同1人,本队列女同 8 人（6.4%）,1.8336963340329575,1135848,614,551,42,9,861,26.58,42.0,19.6,0,0,0.3247,1.1193,0.815,0.965,0.961,0.926,0.871,0.808,0.660
29,3567,896,1012,584,297,0,237664,911,1.5171,1.2412,1.2289,0.9901,43.65,20680,13.9,0.0559,34.1,30871,0.7306,0.7405,1.1360,0.8468,0.000,0.819,0.950,0.814,0.800,0.867,0.776,129,1.519,16.3,38.8,30.2,14.7,7.0,13.2,79.8,7.0,1.186,0.909,89.9,20.30,16.58,81.7,0:16/名下0.63/亲生0.06 1:77/名下1.27/亲生0.92 2:32/名下2.50/亲生1.91 3:4/名下2.00/亲生1.75,1.085,7.0,无子女者: 26人/已婚9.8年/Σp0.08/其中女同1人,本队列女同 8 人（6.2%）,1.823944017345191,1179838,493,403,45,12,896,26.47,42.0,19.6,0,0,0.3486,1.1233,0.865,0.965,0.961,0.926,0.871,0.808,0.660
30,3615,938,1055,609,309,0,244606,921,1.5761,1.2434,1.2870,1.0350,43.50,23158,25.8,0.0540,38.0,28690,0.7478,0.7606,1.1389,0.8587,0.000,0.836,0.955,0.886,0.873,0.831,0.777,139,1.626,13.7,37.4,30.9,18.0,5.8,15.1,79.1,5.8,1.230,1.019,92.1,20.55,16.61,80.8,0:19/名下0.58/亲生0.05 1:76/名下1.41/亲生0.97 2:38/名下2.45/亲生1.87 3:6/名下2.50/亲生2.33,1.151,6.5,无子女者: 27人/已婚10.8年/Σp0.08/其中女同2人,本队列女同 10 人（7.2%）,1.3955715128477593,1170451,423,352,41,16,938,26.43,42.0,19.6,0,0,0.3998,1.1584,0.827,0.965,0.961,0.926,0.871,0.808,0.660
31,3655,973,1091,630,321,0,258180,950,1.5368,1.2451,1.2976,1.0421,43.50,23158,12.9,0.0573,32.5,27068,0.7633,0.7637,1.1386,0.8755,0.000,0.885,0.946,0.944,0.808,0.857,0.775,110,1.545,14.5,39.1,30.9,15.5,6.4,12.7,80.9,6.4,1.218,0.942,89.1,20.00,15.70,78.5,0:18/名下0.67/亲生0.06 1:57/名下1.42/亲生0.96 2:29/名下2.21/亲生1.79 3:6/名下2.17/亲生2.00,1.091,6.4,无子女者: 25人/已婚11.0年/Σp0.08/其中女同2人,本队列女同 7 人（6.4%）,0.8338559380465824,1214458,376,319,37,16,973,26.42,42.0,19.6,0,0,0.3741,1.1639,0.855,0.965,0.961,0.926,0.871,0.808,0.660
32,3701,1008,1125,650,334,0,267480,949,1.5907,1.2464,1.3354,1.0714,43.45,22940,31.8,0.0534,29.1,25405,0.7671,0.7700,1.1373,0.8857,0.000,0.846,0.958,0.955,0.844,0.824,0.773,85,1.553,12.9,41.2,29.4,16.5,7.1,17.6,75.3,7.1,1.224,0.994,89.4,19.91,15.57,78.2,0:15/名下0.73/亲生0.00 1:42/名下1.55/亲生1.00 2:23/名下1.91/亲生1.65 3:5/名下2.40/亲生2.20,1.071,4.7,无子女者: 21人/已婚10.8年/Σp0.04/其中女同2人,本队列女同 7 人（8.2%）,0.4141363368617732,1235308,442,350,34,31,1008,26.42,42.0,19.6,0,0,0.3634,1.1522,0.870,0.965,0.961,0.926,0.871,0.808,0.660
33,3746,1054,1178,680,346,0,280652,975,1.7768,1.2474,1.3275,1.0642,43.28,22585,17.5,0.0505,34.9,26737,0.7841,0.7801,1.1289,0.9034,0.000,0.879,0.947,0.953,0.873,0.863,0.718,73,1.452,17.8,41.1,26.0,15.1,11.0,17.8,71.2,11.0,1.233,1.062,84.9,18.80,14.65,77.9,0:11/名下0.64/亲生0.00 1:40/名下1.32/亲生0.88 2:18/名下1.83/亲生1.61 3:4/名下3.25/亲生3.00,1.041,5.5,无子女者: 20人/已婚9.6年/Σp0.04/其中女同3人,本队列女同 8 人（11.0%）,0.40455133560588763,1182534,510,454,33,24,1054,26.42,42.0,19.6,0,0,0.4240,1.1224,0.890,0.965,0.961,0.926,0.871,0.808,0.660
34,3812,1087,1217,703,359,0,304679,975,1.6331,1.2481,1.3287,1.0645,43.09,22368,23.6,0.0599,32.6,24952,0.7818,0.7824,1.1343,0.9037,0.000,0.883,0.979,0.946,0.892,0.886,0.697,53,1.358,22.6,35.8,30.2,11.3,13.2,15.1,71.7,13.2,1.321,1.051,77.4,17.14,13.95,81.4,0:5/名下0.40/亲生0.00 1:30/名下1.13/亲生0.77 2:15/名下1.73/亲生1.53 3:3/名下3.33/亲生2.67,1.019,5.7,无子女者: 15人/已婚7.0年/Σp0.23/其中女同4人,本队列女同 7 人（13.2%）,0.302764454396133,1248073,451,386,30,27,1087,26.42,42.0,19.6,0,0,0.4445,1.0975,0.933,0.965,0.961,0.926,0.871,0.808,0.660
35,3863,1114,1238,715,371,0,307886,1008,1.5376,1.2487,1.3206,1.0576,43.27,22518,11.3,0.0644,24.8,20993,0.7793,0.7760,1.1446,0.8999,0.000,0.852,0.977,0.957,0.872,0.824,0.771,58,1.448,20.7,37.9,27.6,13.8,8.6,13.8,77.6,8.6,1.241,1.236,84.5,17.93,14.94,83.3,0:6/名下0.33/亲生0.00 1:36/名下1.28/亲生0.81 2:13/名下1.77/亲生1.69 3:3/名下4.33/亲生3.33,1.052,6.9,无子女者: 15人/已婚8.4年/Σp0.23/其中女同4人,本队列女同 7 人（12.1%）,0.5653791981591354,1325553,258,202,33,32,1114,26.40,42.0,19.6,0,0,0.4005,1.0957,0.929,0.965,0.961,0.926,0.871,0.808,0.660
36,3888,1139,1281,740,384,0,317002,965,1.4125,1.2491,1.2537,1.0037,43.18,24832,33.6,0.0539,25.2,21718,0.7846,0.7864,1.1310,0.8976,0.000,0.832,0.991,0.987,0.897,0.846,0.795,65,1.477,21.5,35.4,27.7,15.4,6.2,15.4,78.5,6.2,1.262,1.155,86.2,18.72,15.33,81.9,0:7/名下0.29/亲生0.00 1:38/名下1.24/亲生0.82 2:17/名下2.00/亲生1.76 3:3/名下4.33/亲生3.33,1.092,9.2,无子女者: 16人/已婚9.8年/Σp0.21/其中女同3人,本队列女同 6 人（9.2%）,0.27948359070268936,1261215,493,426,23,26,1139,26.38,42.0,19.6,0,0,0.3829,1.1187,0.903,0.965,0.961,0.926,0.871,0.808,0.660
37,3916,1160,1331,769,397,0,329228,975,1.2591,1.2493,1.2463,0.9976,43.27,26407,15.2,0.0595,28.3,23199,0.7913,0.7911,1.1250,0.9035,0.000,0.852,0.973,0.993,0.940,0.841,0.763,58,1.500,20.7,36.2,27.6,15.5,1.7,17.2,81.0,1.7,1.276,1.289,87.9,19.06,15.49,81.3,0:7/名下0.14/亲生0.00 1:30/名下1.33/亲生0.90 2:19/名下1.95/亲生1.58 3:2/名下4.50/亲生3.00,1.086,12.1,无子女者: 14人/已婚9.4年/Σp0.25/其中女同2人,本队列女同 3 人（5.2%）,0.14897963705534778,1239719,493,426,15,38,1160,26.39,42.0,19.6,0,0,0.4114,1.1159,0.924,0.965,0.961,0.926,0.871,0.808,0.660
38,3964,1191,1374,794,410,0,344490,963,1.4599,1.2495,1.3167,1.0537,43.18,27997,38.1,0.0504,29.9,24570,0.7923,0.8014,1.1270,0.9022,0.000,0.857,0.972,0.987,0.970,0.818,0.822,58,1.534,20.7,39.7,19.0,20.7,1.7,13.8,84.5,1.7,1.241,1.254,89.7,18.85,15.07,80.0,0:9/名下0.11/亲生0.00 1:29/名下1.45/亲生0.97 2:18/名下2.06/亲生1.50 3:2/名下4.50/亲生3.50,1.069,12.1,无子女者: 14人/已婚9.1年/Σp0.05/其中女同0人,本队列女同 2 人（3.4%）,0.04900484232418734,1275647,385,339,16,40,1191,26.35,42.0,19.6,0,0,0.3974,1.1591,0.894,0.965,0.961,0.926,0.871,0.808,0.660
39,3995,1216,1426,824,424,0,349266,990,1.4165,1.2497,1.3162,1.0532,43.23,27832,21.0,0.0599,25.2,23788,0.7983,0.8022,1.1102,0.9044,0.000,0.872,0.990,0.986,0.974,0.897,0.743,57,1.316,31.6,33.3,17.5,17.5,8.8,17.5,73.7,8.8,1.158,0.886,82.5,16.75,12.80,76.4,0:10/名下0.00/亲生0.00 1:30/名下1.27/亲生0.83 2:16/名下2.06/亲生1.44 3:1/名下4.00/亲生4.00,0.912,10.5,无子女者: 19人/已婚4.8年/Σp0.03/其中女同1人,本队列女同 3 人（5.3%）,0.032993285444995024,1254914,477,413,16,37,1216,26.37,42.0,19.6,0,0,0.3526,1.1197,0.913,0.965,0.961,0.926,0.871,0.808,0.660
40,4033,1253,1455,840,438,0,356110,1017,1.6175,1.2498,1.5892,1.2716,43.28,26222,36.4,0.0638,26.5,22500,0.7954,0.7934,1.1158,0.8875,0.000,0.840,1.000,0.985,0.988,0.916,0.708,57,1.333,31.6,31.6,19.3,17.5,12.3,21.1,66.7,12.3,1.175,0.921,82.5,16.35,12.64,77.3,0:9/名下0.00/亲生0.00 1:32/名下1.22/亲生0.81 2:14/名下2.00/亲生1.50 3:2/名下4.50/亲生3.50,0.947,7.0,无子女者: 18人/已婚2.9年/Σp0.01/其中女同2人,本队列女同 4 人（7.0%）,0.0144366953189774,1355831,298,255,15,43,1253,26.35,42.0,19.6,0,0,0.3198,1.3183,0.744,0.965,0.961,0.926,0.871,0.808,0.660
41,4078,1285,1490,861,451,0,358609,1006,1.6548,1.2499,1.2416,0.9934,43.04,25527,24.2,0.0733,21.1,19648,0.7884,0.7878,1.1330,0.8698,0.000,0.816,0.990,0.975,0.987,0.940,0.728,70,1.429,27.1,28.6,28.6,15.7,8.6,15.7,75.7,8.6,1.186,1.032,84.3,17.62,13.56,76.9,0:10/名下0.10/亲生0.00 1:42/名下1.29/亲生0.81 2:14/名下2.07/亲生1.79 3:4/名下4.00/亲生3.25,1.029,4.3,无子女者: 20人/已婚3.6年/Σp0.04/其中女同2人,本队列女同 5 人（7.1%）,0.020662908732454355,1343200,364,324,12,42,1285,26.33,42.0,19.6,0,0,0.3288,1.1626,0.840,0.965,0.961,0.926,0.871,0.808,0.660
42,4119,1309,1530,884,465,0,367322,1011,1.4937,1.2499,1.1965,0.9573,43.08,26586,19.6,0.0688,21.0,19818,0.7844,0.7853,1.1178,0.8582,0.000,0.798,1.000,0.983,0.987,0.958,0.750,73,1.356,28.8,28.8,28.8,13.7,9.6,15.1,75.3,9.6,1.137,0.983,78.1,17.37,13.37,77.0,0:13/名下0.62/亲生0.38 1:40/名下1.10/亲生0.70 2:18/名下2.17/亲生1.78 3:2/名下4.00/亲生3.50,0.986,2.7,无子女者: 23人/已婚3.5年/Σp0.04/其中女同2人,本队列女同 4 人（5.5%）,0.014528615988183446,1337298,371,311,10,46,1309,26.31,42.0,19.6,0,0,0.3360,1.0719,0.867,0.965,0.961,0.926,0.871,0.808,0.660
43,4146,1337,1588,917,478,0,380087,961,1.5121,1.2499,1.2547,1.0038,43.00,28023,22.3,0.0561,22.0,20210,0.7905,0.7925,1.1077,0.8500,0.000,0.790,1.000,1.000,0.975,0.979,0.768,65,1.538,16.9,35.4,32.3,15.4,3.1,12.3,84.6,3.1,1.308,1.162,84.6,19.39,15.31,79.0,0:7/名下0.57/亲生0.00 1:35/名下1.20/亲生0.83 2:19/名下2.21/亲生1.89 3:4/名下3.00/亲生2.25,1.138,3.1,无子女者: 15人/已婚5.8年/Σp0.06/其中女同0人,本队列女同 2 人（3.1%）,0.006969805233481452,1272553,556,490,4,40,1337,26.31,42.0,19.6,0,0,0.3486,1.0767,0.877,0.965,0.961,0.926,0.871,0.808,0.660
44,4190,1368,1641,948,492,0,388291,942,1.5652,1.2500,1.4773,1.1819,42.93,29730,37.2,0.0577,30.8,24521,0.7998,0.8034,1.1078,0.8443,0.000,0.804,0.990,1.000,0.987,0.987,0.793,67,1.403,20.9,34.3,32.8,11.9,0.0,16.4,83.6,0.0,1.209,1.148,80.6,18.64,14.77,79.2,0:9/名下0.44/亲生0.00 1:38/名下1.21/亲生0.76 2:17/名下2.18/亲生1.88 3:3/名下2.33/亲生2.00,1.000,9.0,无子女者: 20人/已婚7.5年/Σp0.31/其中女同0人,本队列女同 1 人（1.5%）,0.009842575078117477,1302204,467,424,1,30,1368,26.28,42.0,19.6,0,0,0.3525,1.2188,0.770,0.965,0.961,0.926,0.871,0.808,0.660
45,4226,1397,1688,975,507,0,394480,969,1.5334,1.2500,1.1626,0.9301,42.94,31663,39.8,0.0526,26.2,22303,0.8019,0.7981,1.1128,0.8735,0.000,0.789,0.981,1.000,0.986,0.988,0.860,62,1.323,25.8,29.0,35.5,9.7,0.0,6.5,93.5,0.0,1.145,0.912,77.4,17.45,14.52,83.2,0:11/名下0.27/亲生0.00 1:32/名下1.22/亲生0.72 2:18/名下2.22/亲生1.78 3:1/名下0.00/亲生0.00,0.887,12.9,无子女者: 21人/已婚9.4年/Σp0.31/其中女同0人,本队列女同 0 人（0.0%）,0.00822787624463217,837724,443,387,0,30,1397,26.25,42.0,19.6,0,0,0.3219,1.3294,0.751,0.965,0.961,0.926,0.871,0.808,0.660
46,4272,1428,1742,1006,521,0,411247,973,1.5344,1.2500,1.1330,0.9064,42.79,32582,31.2,0.0492,25.9,24492,0.7995,0.8024,1.1225,0.8708,0.000,0.784,0.981,1.000,0.984,0.988,0.952,87,1.701,18.4,25.3,36.8,19.5,1.1,1.1,97.7,1.1,1.264,1.110,88.5,18.25,15.46,84.7,0:12/名下0.17/亲生0.00 1:46/名下1.43/亲生0.83 2:25/名下2.44/亲生1.96 3:4/名下4.75/亲生3.50,1.161,10.3,无子女者: 20人/已婚9.5年/Σp0.36/其中女同1人,本队列女同 4 人（4.6%）,0.02566040137686798,730297,467,390,4,29,1428,26.21,42.0,19.6,0,0,0.3434,1.1413,0.889,0.965,0.961,0.926,0.871,0.808,0.660
47,4310,1455,1791,1035,535,0,416327,1008,1.4657,1.2500,1.3736,1.0989,42.84,32308,15.6,0.0472,27.0,23759,0.7955,0.7954,1.1316,0.8451,0.000,0.808,1.000,0.980,0.992,1.000,0.942,111,1.757,14.4,27.9,37.8,19.8,0.0,4.5,95.5,0.0,1.261,1.100,90.1,18.86,16.42,87.1,0:12/名下0.17/亲生0.00 1:65/名下1.49/亲生0.88 2:29/名下2.52/亲生1.97 3:5/名下4.60/亲生3.40,1.180,8.1,无子女者: 21人/已婚10.4年/Σp0.35/其中女同0人,本队列女同 4 人（3.6%）,0.06924845305944416,1361031,617,515,2,34,1455,26.20,42.0,19.6,0,0,0.3296,1.2324,0.795,0.965,0.961,0.926,0.871,0.808,0.660
48,4356,1485,1837,1061,550,0,420104,1033,1.4433,1.2500,1.2081,0.9665,42.65,32216,18.7,0.0606,30.1,25707,0.7931,0.7895,1.1343,0.8595,0.000,0.821,0.951,0.979,0.983,1.000,0.944,126,1.889,11.9,26.2,36.5,25.4,0.0,4.8,95.2,0.0,1.302,1.096,91.3,18.83,16.54,87.8,0:13/名下0.46/亲生0.00 1:69/名下1.61/亲生0.91 2:39/名下2.49/亲生1.90 3:5/名下4.80/亲生3.40,1.222,5.6,无子女者: 21人/已婚11.7年/Σp0.22/其中女同1人,本队列女同 6 人（4.8%）,0.08175405105546218,1385743,430,358,3,41,1485,26.17,42.0,19.6,0,0,0.3409,1.2750,0.798,0.965,0.961,0.926,0.871,0.808,0.660
49,4391,1518,1888,1091,564,0,434309,1069,1.4824,1.2500,1.1980,0.9584,42.49,32373,16.4,0.0591,26.7,27640,0.7786,0.7711,1.1365,0.8629,0.000,0.797,0.953,0.981,0.972,0.988,0.925,140,1.957,9.3,30.0,33.6,27.1,0.7,5.0,94.3,0.7,1.343,1.159,93.6,19.26,16.95,88.0,0:13/名下0.62/亲生0.08 1:79/名下1.59/亲生0.94 2:39/名下2.64/亲生1.95 3:9/名下4.11/亲生3.00,1.271,4.3,无子女者: 20人/已婚11.8年/Σp0.19/其中女同1人,本队列女同 8 人（5.7%）,0.019837988199562062,1309863,580,469,0,51,1518,26.14,42.0,19.6,0,0,0.3347,1.1056,0.948,0.965,0.961,0.926,0.871,0.808,0.660
50,4442,1553,1936,1119,578,0,446137,1084,1.5696,1.2500,1.5430,1.2344,42.43,33705,24.7,0.0595,34.2,28221,0.7689,0.7692,1.1419,0.8321,0.000,0.712,0.966,0.972,0.971,0.979,0.916,138,1.768,13.8,30.4,33.3,22.5,2.2,6.5,91.3,2.2,1.268,1.011,90.6,18.35,16.52,90.0,0:17/名下0.53/亲生0.06 1:76/名下1.62/亲生0.92 2:38/名下2.29/亲生1.76 3:7/名下3.57/亲生2.71,1.138,5.8,无子女者: 28人/已婚10.7年/Σp0.17/其中女同2人,本队列女同 7 人（5.1%）,0.00598573087649612,1051265,452,386,5,58,1553,26.11,42.0,19.6,0,0,0.3909,1.0962,0.884,0.965,0.961,0.926,0.871,0.808,0.660
51,4498,1601,1990,1150,593,0,452956,1117,1.7644,1.2500,1.2497,0.9998,42.09,35723,20.7,0.0614,35.7,25868,0.7691,0.7691,1.1373,0.7971,0.000,0.694,0.966,0.981,0.982,0.986,0.918,135,1.889,12.6,28.1,31.9,27.4,0.7,5.9,93.3,0.7,1.319,1.034,91.1,18.37,16.35,89.0,0:17/名下0.59/亲生0.06 1:69/名下1.75/亲生0.93 2:41/名下2.29/亲生1.73 3:8/名下3.75/亲生2.88,1.178,4.4,无子女者: 27人/已婚10.1年/Σp0.17/其中女同2人,本队列女同 8 人（5.9%）,0.0059248906392141976,1379597,494,430,2,60,1601,26.08,42.0,19.6,0,0,0.3484,1.3930,0.692,0.965,0.961,0.926,0.871,0.808,0.660
52,4540,1640,2078,1201,608,0,460283,1100,1.7560,1.2500,1.2537,1.0030,41.92,38207,33.2,0.0611,27.2,25236,0.7826,0.7883,1.1134,0.8162,0.000,0.753,0.984,0.990,0.991,1.000,0.924,139,1.899,10.8,28.1,34.5,26.6,0.0,5.8,94.2,0.0,1.288,1.067,92.1,18.92,16.90,89.4,0:16/名下0.56/亲生0.06 1:78/名下1.78/亲生0.95 2:37/名下2.30/亲生1.73 3:8/名下3.88/亲生2.88,1.165,4.3,无子女者: 26人/已婚9.9年/Σp0.38/其中女同1人,本队列女同 6 人（4.3%）,0.03330781105121616,642024,719,609,2,43,1640,26.04,42.0,19.6,0,0,0.3322,1.1389,0.845,0.965,0.961,0.926,0.871,0.808,0.660
53,4604,1672,2124,1227,624,0,481603,1094,1.5818,1.2500,1.5510,1.2408,41.95,38711,34.7,0.0583,29.4,26110,0.7871,0.7878,1.1204,0.8265,0.000,0.752,0.961,0.990,1.000,0.984,0.931,140,2.000,10.7,24.3,32.9,32.1,0.0,4.3,95.7,0.0,1.300,1.086,92.1,18.82,16.92,89.9,0:17/名下0.76/亲生0.00 1:73/名下1.81/亲生0.92 2:43/名下2.44/亲生1.84 3:7/名下4.29/亲生3.29,1.207,4.3,无子女者: 28人/已婚10.2年/Σp0.35/其中女同1人,本队列女同 4 人（2.9%）,0.02808401015472839,419797,422,370,0,49,1672,26.03,42.0,19.6,0,0,0.3265,1.2353,0.795,0.965,0.961,0.926,0.871,0.808,0.660
54,4654,1703,2197,1269,639,0,496471,1068,1.4266,1.2500,1.2581,1.0065,41.80,37893,39.4,0.0533,34.9,29769,0.7965,0.7991,1.1153,0.8302,0.000,0.765,0.969,1.000,1.000,0.973,0.941,131,2.038,11.5,24.4,30.5,33.6,0.0,2.3,97.7,0.0,1.260,1.017,90.8,19.11,17.03,89.1,0:15/名下0.87/亲生0.00 1:74/名下1.78/亲生0.89 2:37/名下2.68/亲生1.86 3:5/名下4.60/亲生3.40,1.160,4.6,无子女者: 27人/已婚10.3年/Σp0.33/其中女同2人,本队列女同 4 人（3.1%）,0.010493728549946013,131571,701,595,1,51,1703,26.01,42.0,19.6,0,0,0.3267,1.3188,0.764,0.965,0.961,0.926,0.871,0.808,0.660
55,4709,1746,2252,1301,655,0,507641,1099,1.4880,1.2500,1.5268,1.2215,41.68,36589,37.0,0.0595,39.3,34606,0.7999,0.8037,1.1272,0.8493,0.000,0.803,0.950,0.991,1.000,0.981,0.941,121,1.860,14.9,24.0,32.2,28.9,0.0,5.0,95.0,0.0,1.174,0.969,89.3,18.69,16.84,90.1,0:17/名下0.82/亲生0.00 1:70/名下1.74/亲生0.89 2:31/名下2.48/亲生1.77 3:3/名下4.00/亲生3.33,1.050,6.6,无子女者: 30人/已婚11.7年/Σp0.32/其中女同4人,本队列女同 4 人（3.3%）,0.010156541254929152,1048867,573,497,0,53,1746,25.97,42.0,19.6,0,0,0.3678,1.1232,0.888,0.965,0.961,0.926,0.871,0.808,0.660
56,4779,1792,2300,1329,671,0,516339,1115,1.5612,1.2500,1.2493,0.9994,41.46,35759,36.7,0.0620,44.2,32224,0.7993,0.7903,1.1351,0.8494,0.000,0.800,0.958,1.000,1.000,0.974,0.909,106,1.887,16.0,23.6,31.1,29.2,0.0,3.8,96.2,0.0,1.226,0.996,90.6,18.20,16.63,91.4,0:14/名下0.71/亲生0.00 1:59/名下1.64/亲生0.88 2:29/名下2.69/亲生1.90 3:4/名下3.75/亲生3.25,1.132,6.6,无子女者: 24人/已婚11.5年/Σp0.08/其中女同4人,本队列女同 5 人（4.7%）,0.019086263696713957,182103,516,410,1,50,1792,25.95,42.0,19.6,0,0,0.3635,1.3622,0.727,0.965,0.961,0.926,0.871,0.808,0.660
57,4835,1820,2351,1358,687,0,535789,1123,1.3518,1.2500,1.2876,1.0301,41.52,38001,24.7,0.0580,33.5,30723,0.7922,0.7998,1.1359,0.8544,0.000,0.799,0.974,0.977,1.000,1.000,0.947,98,1.898,14.3,21.4,34.7,29.6,0.0,4.1,95.9,0.0,1.184,1.003,89.8,18.30,16.72,91.3,0:11/名下0.55/亲生0.00 1:59/名下1.83/亲生0.88 2:27/名下2.56/亲生1.85 3:1/名下3.00/亲生3.00,1.071,5.1,无子女者: 21人/已婚11.4年/Σp0.10/其中女同4人,本队列女同 7 人（7.1%）,0.12212210264350176,1355581,561,453,2,48,1820,25.94,42.0,19.6,0,0,0.3631,1.0992,0.911,0.965,0.961,0.926,0.871,0.808,0.660
58,4874,1854,2408,1391,703,0,551171,1119,1.2888,1.2500,1.6827,1.3462,41.63,40535,38.6,0.0609,44.0,32924,0.7987,0.7939,1.1244,0.8682,0.000,0.799,0.969,0.985,0.990,1.000,0.929,97,1.979,12.4,20.6,35.1,32.0,0.0,3.1,96.9,0.0,1.186,0.993,93.8,19.04,17.54,92.1,0:12/名下0.58/亲生0.00 1:57/名下1.88/亲生0.93 2:26/名下2.77/亲生1.92 3:2/名下3.00/亲生3.00,1.124,5.2,无子女者: 18人/已婚12.0年/Σp0.05/其中女同2人,本队列女同 6 人（6.2%）,0.143332391026874,1448554,602,515,3,47,1854,25.92,42.0,19.6,0,0,0.3585,1.3581,0.735,0.965,0.961,0.926,0.871,0.808,0.660
59,4919,1886,2465,1424,719,0,568055,1077,1.2203,1.2500,1.7821,1.4257,41.57,42063,33.3,0.0546,40.8,32222,0.8009,0.8056,1.1179,0.8681,0.000,0.807,0.983,0.993,0.982,1.000,0.974,92,2.130,7.6,18.5,40.2,33.7,0.0,1.1,98.9,0.0,1.293,1.075,93.5,19.16,17.68,92.3,0:9/名下1.00/亲生0.00 1:51/名下1.92/亲生0.92 2:28/名下2.71/亲生1.93 3:4/名下3.25/亲生3.00,1.228,3.3,无子女者: 15人/已婚10.6年/Σp0.08/其中女同0人,本队列女同 4 人（4.3%）,0.1114699158562118,1073300,542,449,1,36,1886,25.90,42.0,19.6,0,0,0.3713,1.1999,0.804,0.965,0.961,0.926,0.871,0.808,0.660
60,4985,1931,2512,1451,736,0,584613,1126,1.4002,1.2500,1.3129,1.0503,41.48,44993,34.8,0.0531,40.9,29828,0.8012,0.8017,1.1226,0.8508,0.000,0.757,0.981,0.993,0.992,0.992,0.991,89,2.000,10.1,24.7,31.5,33.7,0.0,1.1,98.9,0.0,1.258,1.042,93.3,18.92,17.44,92.2,0:11/名下0.91/亲生0.00 1:48/名下1.85/亲生0.94 2:26/名下2.54/亲生1.77 3:4/名下3.25/亲生3.00,1.157,4.5,无子女者: 17人/已婚11.7年/Σp0.07/其中女同0人,本队列女同 4 人（4.5%）,0.1871228721249949,1230311,500,411,0,36,1931,25.90,42.0,19.6,0,0,0.3468,1.3904,0.693,0.965,0.961,0.926,0.871,0.808,0.660
61,5035,1971,2583,1492,753,0,617310,1118,1.5238,1.2500,1.6209,1.2967,41.37,44512,23.6,0.0442,40.4,29826,0.7991,0.8056,1.1175,0.8369,0.000,0.780,0.975,0.987,0.992,1.000,0.966,93,1.946,10.8,28.0,31.2,30.1,0.0,3.2,96.8,0.0,1.237,0.909,92.5,18.63,17.34,93.0,0:11/名下1.45/亲生0.00 1:53/名下1.62/亲生0.92 2:25/名下2.64/亲生1.80 3:4/名下3.25/亲生3.00,1.140,4.3,无子女者: 18人/已婚11.0年/Σp0.15/其中女同0人,本队列女同 2 人（2.2%）,0.019076441527850818,297607,565,499,1,42,1971,25.89,42.0,19.6,0,0,0.3471,1.3288,0.701,0.965,0.961,0.926,0.871,0.808,0.660
62,5076,2005,2631,1520,770,0,635435,1131,1.4009,1.2500,1.5638,1.2511,41.38,43071,28.3,0.0549,37.0,31831,0.8040,0.8014,1.1114,0.8536,0.000,0.795,0.981,0.988,1.000,1.000,0.948,87,1.828,12.6,26.4,35.6,25.3,0.0,4.6,95.4,0.0,1.287,0.997,89.7,17.74,16.62,93.7,0:11/名下1.55/亲生0.00 1:45/名下1.56/亲生0.93 2:27/名下2.15/亲生1.67 3:4/名下3.50/亲生3.25,1.149,3.4,无子女者: 20人/已婚10.2年/Σp0.15/其中女同1人,本队列女同 3 人（3.4%）,0.006741249701548213,5702,440,366,0,54,2005,25.89,42.0,19.6,0,0,0.3251,1.2389,0.766,0.965,0.961,0.926,0.871,0.808,0.660
63,5131,2044,2692,1555,787,0,654447,1130,1.3802,1.2500,1.2540,1.0032,41.38,42563,36.7,0.0527,40.8,32941,0.8048,0.8071,1.1190,0.8758,0.000,0.848,0.987,0.988,1.000,0.972,0.956,96,1.802,13.5,28.1,31.3,27.1,0.0,5.2,94.8,0.0,1.229,0.870,89.6,17.70,16.48,93.1,0:11/名下1.27/亲生0.09 1:56/名下1.54/亲生0.91 2:26/名下2.38/亲生1.77 3:3/名下3.67/亲生3.33,1.125,4.2,无子女者: 19人/已婚9.5年/Σp0.11/其中女同2人,本队列女同 5 人（5.2%）,0.08864717165458558,887508,587,493,0,44,2044,25.87,42.0,19.6,0,0,0.3359,1.3301,0.743,0.965,0.961,0.926,0.871,0.808,0.660
64,5187,2081,2755,1592,803,0,667404,1123,1.3498,1.2500,1.5525,1.2420,41.32,42068,14.9,0.0553,39.1,34883,0.7973,0.7959,1.1293,0.8773,0.000,0.810,0.993,0.983,0.978,0.991,0.927,105,1.771,15.2,26.7,31.4,26.7,1.0,5.7,93.3,1.0,1.229,0.874,89.5,18.47,17.02,92.1,0:15/名下1.07/亲生0.07 1:56/名下1.54/亲生0.89 2:30/名下2.33/亲生1.80 3:4/名下3.50/亲生3.25,1.124,5.7,无子女者: 24人/已婚10.7年/Σp0.09/其中女同2人,本队列女同 7 人（6.7%）,0.04835440139199676,614343,704,604,0,46,2081,25.87,42.0,19.6,0,0,0.3342,1.2033,0.817,0.965,0.961,0.926,0.871,0.808,0.660
65,5249,2127,2814,1626,820,0,679944,1171,1.4814,1.2500,1.6380,1.3104,41.29,45692,20.5,0.0488,43.5,35263,0.7926,0.7900,1.1304,0.8708,0.000,0.816,0.972,0.994,0.980,0.992,0.928,95,1.916,13.7,26.3,28.4,31.6,0.0,4.2,95.8,0.0,1.263,1.015,91.6,18.75,17.09,91.1,0:12/名下0.67/亲生0.08 1:53/名下1.85/亲生0.94 2:24/名下2.29/亲生1.71 3:6/名下3.50/亲生3.17,1.168,5.3,无子女者: 18人/已婚10.8年/Σp0.03/其中女同2人,本队列女同 9 人（9.5%）,0.08251252937443354,551062,556,477,3,38,2127,25.84,42.0,19.6,0,0,0.3394,1.3206,0.754,0.965,0.961,0.926,0.871,0.808,0.660
66,5323,2182,2896,1673,838,0,698638,1159,1.7071,1.2500,1.2814,1.0251,41.10,49419,18.1,0.0474,45.9,35387,0.7942,0.7970,1.1263,0.8892,0.000,0.818,0.994,0.994,0.987,0.992,0.934,99,1.949,11.1,29.3,28.3,31.3,0.0,6.1,93.9,0.0,1.263,1.011,90.9,19.09,17.36,91.0,0:10/名下0.80/亲生0.10 1:58/名下1.81/亲生0.91 2:26/名下2.42/亲生1.77 3:5/名下3.40/亲生3.00,1.162,5.1,无子女者: 16人/已婚11.6年/Σp0.02/其中女同1人,本队列女同 9 人（9.1%）,0.1742463825387901,1387735,906,767,1,31,2182,25.83,42.0,19.6,0,0,0.3516,1.3741,0.742,0.965,0.961,0.926,0.871,0.808,0.660
67,5380,2223,2957,1709,856,0,716734,1210,1.5862,1.2500,1.2824,1.0259,40.99,50376,27.4,0.0470,39.6,33830,0.7926,0.7860,1.1261,0.8684,0.000,0.785,0.993,0.977,0.988,0.993,0.940,88,2.080,10.2,26.1,29.5,34.1,0.0,6.8,93.2,0.0,1.307,1.075,93.2,19.44,17.54,90.2,0:9/名下0.89/亲生0.00 1:47/名下1.89/亲生0.94 2:28/名下2.61/亲生1.82 3:4/名下3.25/亲生3.00,1.216,4.5,无子女者: 14人/已婚12.7年/Σp0.02/其中女同0人,本队列女同 7 人（8.0%）,0.023598635775691434,1629888,484,404,3,28,2223,25.83,42.0,19.6,0,0,0.3701,1.1554,0.866,0.965,0.961,0.926,0.871,0.808,0.660
68,5433,2263,3021,1746,875,0,733133,1211,1.4970,1.2500,1.2158,0.9726,40.97,50443,22.7,0.0433,43.3,35708,0.7875,0.7818,1.1367,0.8668,0.000,0.781,0.987,0.988,0.982,0.973,0.922,90,2.100,12.2,22.2,32.2,33.3,1.1,2.2,96.7,1.1,1.344,1.072,88.9,18.53,16.65,89.9,0:5/名下1.20/亲生0.00 1:52/名下1.94/亲生0.92 2:30/名下2.40/亲生1.63 3:3/名下3.33/亲生3.00,1.178,2.2,无子女者: 14人/已婚6.1年/Σp0.02/其中女同1人,本队列女同 9 人（10.0%）,0.013414538892455141,605204,480,423,0,43,2263,25.81,42.0,19.6,0,0,0.3756,1.1615,0.850,0.965,0.961,0.926,0.871,0.808,0.660
69,5500,2313,3086,1783,893,0,751955,1245,1.5420,1.2500,1.3718,1.0974,40.90,47556,20.5,0.0557,41.0,34491,0.7816,0.7825,1.1140,0.8680,0.000,0.794,0.975,0.987,0.989,0.972,0.926,102,1.961,15.7,22.5,33.3,28.4,2.9,4.9,92.2,2.9,1.363,1.043,87.3,18.38,16.65,90.6,0:9/名下1.00/亲生0.00 1:54/名下1.78/亲生0.91 2:34/名下2.24/亲生1.62 3:5/名下3.80/亲生3.40,1.186,3.9,无子女者: 21人/已婚8.0年/Σp0.01/其中女同1人,本队列女同 7 人（6.9%）,0.04158794028272439,1180316,661,567,3,41,2313,25.81,42.0,19.6,0,0,0.3504,1.2393,0.807,0.965,0.961,0.926,0.871,0.808,0.660
70,5551,2359,3169,1831,912,0,775814,1253,1.5274,1.2500,1.3151,1.0521,40.83,46056,28.1,0.0579,38.5,35960,0.7866,0.7888,1.1108,0.8607,0.000,0.824,0.975,0.974,1.000,0.974,0.933,109,1.890,15.6,23.9,32.1,28.4,0.9,4.6,94.5,0.9,1.330,1.142,89.9,18.60,16.83,90.5,0:10/名下0.50/亲生0.00 1:61/名下1.70/亲生0.92 2:32/名下2.34/亲生1.69 3:6/名下3.67/亲生3.33,1.193,4.6,无子女者: 21人/已婚7.7年/Σp0.01/其中女同1人,本队列女同 7 人（6.4%）,0.011598738684099885,1562303,827,719,1,43,2359,25.79,42.0,19.6,0,0,0.3019,1.2957,0.772,0.965,0.961,0.926,0.871,0.808,0.660
71,5614,2406,3226,1864,930,0,774592,1265,1.5182,1.2500,1.2916,1.0333,40.75,45252,18.8,0.0576,37.8,35920,0.7860,0.7804,1.1076,0.8483,0.000,0.781,0.980,0.994,1.000,0.988,0.921,122,1.803,17.2,25.4,29.5,27.9,0.8,6.6,92.6,0.8,1.295,1.150,89.3,18.65,16.96,90.9,0:11/名下0.36/亲生0.00 1:73/名下1.63/亲生0.90 2:31/名下2.32/亲生1.68 3:7/名下3.57/亲生3.29,1.156,5.7,无子女者: 24人/已婚7.5年/Σp0.01/其中女同1人,本队列女同 8 人（6.6%）,0.006957863356120697,557939,499,436,0,41,2406,25.80,42.0,19.6,0,0,0.3048,1.2464,0.793,0.965,0.961,0.926,0.871,0.808,0.660
72,5683,2450,3301,1907,949,0,783836,1275,1.4635,1.2500,1.2220,0.9776,40.72,49377,21.7,0.0576,41.4,35467,0.7823,0.7820,1.1208,0.8499,0.000,0.811,0.987,0.987,0.989,0.983,0.897,119,1.807,15.1,28.6,27.7,28.6,1.7,5.9,92.4,1.7,1.286,1.207,91.6,18.92,17.35,91.7,0:10/名下0.30/亲生0.00 1:74/名下1.58/亲生0.91 2:28/名下2.46/亲生1.86 3:7/名下3.71/亲生3.29,1.193,5.9,无子女者: 20人/已婚8.6年/Σp0.01/其中女同0人,本队列女同 5 人（4.2%）,0.0084603232474052,1486698,788,704,1,46,2450,25.78,42.0,19.6,0,0,0.3097,1.3745,0.726,0.965,0.961,0.926,0.871,0.808,0.660
73,5735,2485,3378,1952,968,0,797792,1282,1.3192,1.2500,1.5958,1.2767,40.76,53089,30.1,0.0490,42.6,36319,0.7862,0.7924,1.1274,0.8686,0.000,0.809,0.994,0.994,0.982,0.989,0.893,118,1.780,11.9,36.4,24.6,27.1,0.8,4.2,94.9,0.8,1.212,1.186,93.2,18.83,17.23,91.5,0:10/名下0.40/亲生0.00 1:78/名下1.60/亲生0.94 2:25/名下2.68/亲生1.84 3:5/名下2.80/亲生2.60,1.119,5.9,无子女者: 17人/已婚8.3年/Σp0.01/其中女同0人,本队列女同 8 人（6.8%）,0.01170141092587329,1647491,841,700,4,46,2485,25.77,42.0,19.6,0,0,0.3140,1.3632,0.734,0.965,0.961,0.926,0.871,0.808,0.660
74,5815,2548,3458,1998,987,0,812522,1284,1.5548,1.2500,1.5885,1.2708,40.62,54736,24.1,0.0544,50.3,38803,0.7980,0.8047,1.1179,0.8534,0.000,0.799,1.000,0.994,0.981,0.990,0.946,115,1.913,12.2,29.6,27.0,31.3,0.9,2.6,96.5,0.9,1.270,1.188,92.2,18.91,17.25,91.2,0:8/名下0.50/亲生0.00 1:75/名下1.73/亲生0.93 2:25/名下2.68/亲生1.88 3:7/名下2.71/亲生2.29,1.157,6.1,无子女者: 16人/已婚8.7年/Σp0.25/其中女同1人,本队列女同 9 人（7.8%）,0.01004259757024073,1647517,799,662,2,43,2548,25.74,42.0,19.6,0,0,0.3244,1.3862,0.686,0.965,0.961,0.926,0.871,0.808,0.660
75,5892,2598,3544,2048,1008,0,826326,1321,1.5384,1.2500,1.8480,1.4784,40.52,55122,31.6,0.0507,48.5,33475,0.7967,0.7966,1.1098,0.8490,0.000,0.792,0.983,0.994,0.988,0.984,0.956,130,1.815,8.5,36.9,31.5,23.1,0.8,3.1,96.2,0.8,1.223,1.125,95.4,18.87,17.17,91.0,0:12/名下0.83/亲生0.00 1:83/名下1.63/亲生0.96 2:29/名下2.59/亲生1.97 3:6/名下2.67/亲生2.17,1.154,4.6,无子女者: 17人/已婚11.8年/Σp0.24/其中女同1人,本队列女同 11 人（8.5%）,0.019735217689941464,1035426,742,626,0,38,2598,25.72,42.0,19.6,0,0,0.3096,1.6349,0.585,0.965,0.961,0.926,0.871,0.808,0.660
76,5977,2656,3637,2102,1027,0,847884,1319,1.5746,1.2500,1.9366,1.5493,40.50,53674,31.7,0.0489,63.2,37715,0.7990,0.8008,1.1135,0.8570,0.000,0.813,0.962,0.975,0.989,0.978,0.940,142,1.789,10.6,34.5,33.1,21.8,0.7,4.9,94.4,0.7,1.204,1.012,93.0,18.54,16.96,91.5,0:13/名下0.77/亲生0.00 1:91/名下1.60/亲生0.93 2:34/名下2.53/亲生1.88 3:4/名下3.00/亲生2.50,1.120,4.9,无子女者: 21人/已婚10.9年/Σp0.21/其中女同2人,本队列女同 10 人（7.0%）,0.05544470659960865,1413131,758,667,6,30,2656,25.71,42.0,19.6,0,0,0.3230,1.7565,0.528,0.965,0.961,0.926,0.871,0.808,0.660
77,6032,2701,3719,2149,1047,0,861572,1370,1.4402,1.2500,1.4854,1.1883,40.49,52814,25.9,0.0541,52.3,37854,0.8004,0.8055,1.1211,0.8420,0.000,0.775,0.969,0.970,0.989,0.978,0.944,145,1.821,11.0,30.3,37.9,20.7,0.0,4.8,95.2,0.0,1.186,0.958,94.5,18.98,17.37,91.5,0:14/名下0.57/亲生0.00 1:93/名下1.68/亲生0.95 2:35/名下2.49/亲生1.89 3:3/名下4.33/亲生3.00,1.124,5.5,无子女者: 21人/已婚11.8年/Σp0.22/其中女同2人,本队列女同 7 人（4.8%）,0.1597927084742281,1705208,605,526,5,29,2701,25.70,42.0,19.6,0,0,0.3296,1.4239,0.654,0.965,0.961,0.926,0.871,0.808,0.660
78,6100,2750,3799,2195,1067,0,875875,1382,1.4039,1.2500,1.5178,1.2142,40.44,53542,34.6,0.0540,51.2,41761,0.8013,0.8035,1.1272,0.8447,0.000,0.805,0.980,0.994,0.978,0.977,0.924,155,1.787,12.3,32.9,34.2,20.6,1.3,5.8,92.9,1.3,1.142,0.951,94.2,18.69,17.06,91.3,0:20/名下0.60/亲生0.00 1:97/名下1.63/亲生0.93 2:35/名下2.66/亲生1.91 3:3/名下4.67/亲生3.33,1.077,7.7,无子女者: 28人/已婚12.0年/Σp0.08/其中女同1人,本队列女同 7 人（4.5%）,0.06412923767832979,1738250,788,659,4,33,2750,25.71,42.0,19.6,0,0,0.3393,1.2864,0.758,0.965,0.961,0.926,0.871,0.808,0.660
79,6183,2816,3857,2229,1087,0,878013,1395,1.5850,1.2500,1.5520,1.2416,40.31,54795,30.2,0.0517,49.3,37996,0.7976,0.7874,1.1167,0.8325,0.000,0.750,0.990,0.989,0.951,0.964,0.902,158,1.854,13.9,34.2,26.6,25.3,1.3,6.3,92.4,1.3,1.152,1.030,93.7,18.75,17.12,91.3,0:20/名下0.30/亲生0.00 1:102/名下1.74/亲生0.93 2:30/名下2.77/亲生1.87 3:6/名下4.50/亲生3.33,1.082,8.9,无子女者: 29人/已婚11.5年/Σp0.11/其中女同1人,本队列女同 8 人（5.1%）,0.05827807303020194,1897933,588,508,17,41,2816,25.69,42.0,19.6,0,0,0.3379,1.3416,0.714,0.965,0.961,0.926,0.871,0.808,0.660
80,6265,2874,3952,2284,1107,0,899936,1394,1.6132,1.2500,1.7139,1.3711,40.30,58415,32.3,0.0474,52.2,38425,0.7901,0.7937,1.1215,0.8213,0.000,0.756,0.972,0.984,0.972,0.959,0.897,160,1.863,18.1,30.0,23.8,28.1,1.9,5.6,92.5,1.9,1.150,1.038,93.8,18.65,16.91,90.6,0:27/名下0.48/亲生0.04 1:93/名下1.77/亲生0.92 2:32/名下2.66/亲生1.84 3:8/名下4.38/亲生3.38,1.081,10.6,无子女者: 36人/已婚11.4年/Σp0.10/其中女同2人,本队列女同 10 人（6.3%）,0.058836934310747324,1701754,877,755,13,26,2874,25.69,42.0,19.6,0,0,0.3494,1.3353,0.705,0.965,0.961,0.926,0.871,0.808,0.660
81,6338,2937,4039,2334,1129,0,914988,1416,1.6367,1.2500,2.0334,1.6267,40.23,61731,45.5,0.0505,63.3,38435,0.7932,0.7889,1.1207,0.8318,0.000,0.730,0.978,0.974,0.988,0.989,0.886,156,1.865,17.3,31.4,23.1,28.2,1.9,9.0,89.1,1.9,1.179,1.099,94.2,18.54,16.84,90.8,0:26/名下0.46/亲生0.04 1:87/名下1.70/亲生0.93 2:35/名下2.80/亲生1.86 3:8/名下4.13/亲生3.38,1.115,10.3,无子女者: 34人/已婚11.8年/Σp0.11/其中女同3人,本队列女同 11 人（7.1%）,0.05259664720647805,1765326,731,637,9,25,2937,25.68,42.0,19.6,0,0,0.3743,1.5771,0.622,0.965,0.961,0.926,0.871,0.808,0.660
82,6425,3004,4123,2383,1151,0,934897,1429,1.6955,1.2500,2.1250,1.7000,40.07,62183,21.0,0.0439,66.9,36472,0.7931,0.7918,1.1202,0.8391,0.000,0.794,0.982,0.990,0.971,0.978,0.895,152,1.822,15.1,34.2,23.7,27.0,2.0,7.2,90.8,2.0,1.158,1.070,93.4,18.19,16.59,91.2,0:25/名下0.56/亲生0.04 1:87/名下1.74/亲生0.93 2:33/名下2.52/亲生1.79 3:7/名下4.14/亲生3.29,1.079,8.6,无子女者: 34人/已婚10.9年/Σp0.08/其中女同3人,本队列女同 10 人（6.6%）,0.07355901767832762,1800773,778,653,6,27,3004,25.66,42.0,19.6,0,0,0.3651,1.8197,0.545,0.965,0.961,0.926,0.871,0.808,0.660
83,6500,3053,4191,2422,1174,0,964974,1435,1.5520,1.2500,1.4954,1.1963,40.11,60505,46.0,0.0450,53.5,36171,0.7926,0.7925,1.1166,0.8426,0.000,0.776,0.995,0.990,0.966,0.974,0.902,134,1.933,14.9,29.1,23.9,32.1,2.2,6.0,91.8,2.2,1.201,1.150,91.8,18.31,16.73,91.3,0:21/名下0.67/亲生0.05 1:72/名下1.79/亲生0.90 2:35/名下2.66/亲生1.80 3:6/名下3.83/亲生3.17,1.104,8.2,无子女者: 30人/已婚10.7年/Σp0.05/其中女同3人,本队列女同 6 人（4.5%）,0.27392843825354873,1932896,622,525,11,28,3053,25.64,42.0,19.6,0,0,0.3454,1.4953,0.640,0.965,0.961,0.926,0.871,0.808,0.660
84,6580,3107,4260,2462,1196,0,983435,1459,1.5535,1.2500,1.5772,1.2617,40.17,60747,21.7,0.0464,57.2,41146,0.7885,0.7860,1.1280,0.8511,0.000,0.763,0.995,0.982,0.967,0.959,0.936,134,1.903,12.7,29.1,30.6,27.6,0.0,3.7,96.3,0.0,1.149,1.163,93.3,18.70,17.12,91.6,0:23/名下0.57/亲生0.00 1:74/名下1.93/亲生0.95 2:32/名下2.59/亲生1.81 3:5/名下3.20/亲生2.80,1.060,9.0,无子女者: 29人/已婚13.1年/Σp0.05/其中女同3人,本队列女同 7 人（5.2%）,0.15114441660324474,1946496,608,526,17,31,3107,25.64,42.0,19.6,0,0,0.3726,1.3002,0.735,0.965,0.961,0.926,0.871,0.808,0.660
85,6657,3162,4339,2507,1217,0,997627,1506,1.5159,1.2500,1.2514,1.0011,40.30,59650,24.2,0.0466,54.9,40548,0.7865,0.7917,1.1293,0.8324,0.000,0.759,0.986,0.991,0.979,0.957,0.937,144,1.840,13.2,29.2,31.3,26.4,0.7,4.2,95.1,0.7,1.188,1.204,90.3,17.66,16.05,90.8,0:22/名下0.73/亲生0.00 1:80/名下1.81/亲生0.93 2:36/名下2.33/亲生1.69 3:6/名下3.33/亲生2.83,1.056,6.9,无子女者: 32人/已婚11.3年/Σp0.05/其中女同2人,本队列女同 8 人（5.6%）,0.1448982548090143,1912435,866,746,15,27,3162,25.63,42.0,19.6,0,0,0.3729,1.2433,0.755,0.965,0.961,0.926,0.871,0.808,0.660
86,6731,3210,4430,2560,1239,0,1023382,1510,1.4239,1.2500,1.5671,1.2536,40.37,61521,21.4,0.0485,52.7,40219,0.7915,0.7921,1.1175,0.8284,0.000,0.721,0.976,0.991,0.985,0.966,0.934,161,1.845,12.4,31.1,32.3,24.2,0.6,5.0,94.4,0.6,1.236,1.209,89.4,17.60,16.06,91.2,0:23/名下0.78/亲生0.00 1:88/名下1.67/亲生0.90 2:41/名下2.44/亲生1.76 3:9/名下3.56/亲生3.00,1.106,5.0,无子女者: 35人/已婚10.9年/Σp0.03/其中女同3人,本队列女同 11 人（6.8%）,0.25707813063456797,1856595,888,762,16,25,3210,25.63,42.0,19.6,0,0,0.3372,1.2818,0.705,0.965,0.961,0.926,0.871,0.808,0.660
87,6818,3267,4513,2608,1262,0,1056040,1518,1.4667,1.2500,1.6670,1.3336,40.38,64919,33.4,0.0392,49.7,39093,0.7924,0.7896,1.1198,0.8065,0.000,0.748,0.968,0.996,0.982,0.966,0.911,161,1.739,10.6,36.6,32.9,19.9,0.6,8.7,90.7,0.6,1.186,1.094,90.1,17.52,16.03,91.5,0:24/名下0.88/亲生0.00 1:92/名下1.58/亲生0.91 2:38/名下2.34/亲生1.74 3:7/名下3.57/亲生3.00,1.062,4.3,无子女者: 35人/已婚11.6年/Σp0.04/其中女同4人,本队列女同 15 人（9.3%）,0.1376401172015136,1930116,756,635,15,29,3267,25.61,42.0,19.6,0,0,0.3172,1.3029,0.683,0.965,0.961,0.926,0.871,0.808,0.660
88,6908,3333,4602,2659,1285,0,1081692,1529,1.5527,1.2500,1.8820,1.5056,40.43,69452,25.8,0.0459,56.7,39482,0.7902,0.7921,1.1168,0.8171,0.000,0.801,0.970,1.000,0.987,0.956,0.894,159,1.805,6.9,40.9,27.7,24.5,0.6,10.1,89.3,0.6,1.226,1.139,91.8,17.64,16.12,91.4,0:17/名下0.94/亲生0.00 1:97/名下1.56/亲生0.93 2:38/名下2.47/亲生1.79 3:7/名下3.71/亲生3.14,1.132,1.3,无子女者: 26人/已婚10.8年/Σp0.02/其中女同2人,本队列女同 13 人（8.2%）,0.045013365806156,1913958,964,857,13,25,3333,25.60,42.0,19.6,0,0,0.2938,1.6096,0.560,0.965,0.961,0.926,0.871,0.808,0.660
89,6981,3381,4711,2722,1308,0,1120911,1545,1.4311,1.2500,1.3504,1.0803,40.58,71958,21.7,0.0470,46.1,40201,0.7888,0.7859,1.1249,0.8276,0.000,0.791,0.970,1.000,0.969,0.943,0.893,156,1.814,8.3,37.8,28.8,25.0,0.6,9.0,90.4,0.6,1.186,1.039,91.7,18.34,16.85,91.9,0:22/名下1.05/亲生0.00 1:90/名下1.53/亲生0.90 2:38/名下2.58/亲生1.87 3:6/名下4.00/亲生3.17,1.096,2.6,无子女者: 32人/已婚12.3年/Σp0.06/其中女同2人,本队列女同 11 人（7.1%）,0.17798583171307314,1805472,1207,1016,15,21,3381,25.58,42.0,19.6,0,0,0.2822,1.3520,0.675,0.965,0.961,0.926,0.871,0.808,0.660
90,7058,3448,4775,2759,1332,0,1154577,1582,1.5271,1.2500,1.6038,1.2830,40.61,72750,25.6,0.0439,53.2,39959,0.7800,0.7788,1.1261,0.8269,0.000,0.759,0.990,0.995,0.991,0.947,0.895,137,1.832,8.8,32.8,35.0,23.4,1.5,7.3,91.2,1.5,1.182,0.912,92.7,18.79,17.16,91.3,0:17/名下0.88/亲生0.00 1:81/名下1.60/亲生0.93 2:36/名下2.61/亲生1.89 3:3/名下4.00/亲生2.67,1.102,4.4,无子女者: 24人/已婚13.0年/Σp0.10/其中女同2人,本队列女同 8 人（5.8%）,0.03348961595355604,2126386,647,551,13,32,3448,25.56,42.0,19.6,0,0,0.3226,1.3882,0.663,0.965,0.961,0.926,0.871,0.808,0.660
91,7130,3489,4866,2812,1356,0,1172817,1606,1.3318,1.2500,1.5309,1.2247,40.85,69261,23.1,0.0498,52.2,40250,0.7781,0.7770,1.1216,0.8299,0.000,0.753,0.971,0.995,0.992,0.958,0.894,149,1.993,10.7,23.5,35.6,30.2,2.0,8.1,89.9,2.0,1.282,1.069,92.6,19.13,17.41,91.0,0:17/名下0.71/亲生0.00 1:78/名下1.71/亲生0.92 2:49/名下2.73/亲生1.88 3:5/名下3.60/亲生2.80,1.195,4.0,无子女者: 25人/已婚11.7年/Σp0.10/其中女同2人,本队列女同 7 人（4.7%）,0.04564665673702706,1965155,880,751,8,36,3489,25.56,42.0,19.6,0,0,0.3410,1.3494,0.721,0.965,0.961,0.926,0.871,0.808,0.660
92,7198,3551,4965,2869,1379,0,1199669,1581,1.4226,1.2500,1.8284,1.4627,40.81,67391,38.5,0.0476,61.6,41671,0.7784,0.7839,1.1257,0.8188,0.000,0.783,0.969,0.985,0.992,0.965,0.866,149,1.899,14.1,24.2,32.9,28.9,4.0,6.0,89.9,4.0,1.268,1.045,89.9,18.83,16.98,90.2,0:19/名下0.74/亲生0.00 1:77/名下1.62/亲生0.88 2:48/名下2.58/亲生1.81 3:5/名下4.00/亲生3.00,1.141,4.0,无子女者: 32人/已婚10.2年/Σp0.08/其中女同3人,本队列女同 10 人（6.7%）,0.08752034812456344,1921779,911,781,15,22,3551,25.55,42.0,19.6,0,0,0.3026,1.6825,0.561,0.965,0.961,0.926,0.871,0.808,0.660
93,7276,3621,5064,2926,1403,0,1215253,1572,1.5438,1.2500,1.7860,1.4288,40.79,69602,28.6,0.0480,59.1,41176,0.7877,0.7918,1.1219,0.8285,0.000,0.803,0.978,0.990,0.983,0.974,0.891,154,1.792,16.2,29.2,27.3,27.3,2.6,6.5,90.9,2.6,1.227,0.930,89.6,18.60,16.74,90.0,0:18/名下0.50/亲生0.00 1:88/名下1.48/亲生0.88 2:44/名下2.77/亲生1.84 3:4/名下3.75/亲生3.00,1.104,5.2,无子女者: 32人/已婚8.7年/Σp0.04/其中女同4人,本队列女同 15 人（9.7%）,0.20627745621206373,1941875,883,757,8,15,3621,25.53,42.0,19.6,0,0,0.3000,1.7245,0.573,0.965,0.961,0.926,0.871,0.808,0.660
94,7356,3682,5148,2975,1427,0,1231417,1622,1.5015,1.2500,1.3864,1.1091,40.91,73490,21.1,0.0425,62.1,42156,0.7867,0.7884,1.1223,0.8297,0.000,0.771,0.975,0.986,1.000,0.971,0.877,170,1.665,17.6,34.7,22.4,25.3,3.5,9.4,87.1,3.5,1.182,0.978,89.4,18.39,16.65,90.5,0:25/名下0.52/亲生0.00 1:95/名下1.36/亲生0.86 2:45/名下2.76/亲生1.80 3:5/名下3.40/亲生3.20,1.053,5.9,无子女者: 42人/已婚9.3年/Σp0.03/其中女同4人,本队列女同 17 人（10.0%）,0.13134514173613354,2072001,957,826,9,10,3682,25.52,42.0,19.6,0,0,0.3312,1.6368,0.616,0.965,0.961,0.926,0.871,0.808,0.660
95,7454,3756,5234,3025,1451,0,1243905,1665,1.6012,1.2500,1.6432,1.3146,40.84,78677,22.1,0.0461,60.4,43751,0.7861,0.7822,1.1151,0.8170,0.000,0.759,0.974,0.980,0.996,0.979,0.866,173,1.613,16.8,39.9,20.2,23.1,2.3,9.2,88.4,2.3,1.116,0.921,91.3,18.33,16.61,90.6,0:29/名下0.59/亲生0.00 1:104/名下1.35/亲生0.88 2:34/名下2.88/亲生1.82 3:6/名下4.00/亲生3.50,1.012,6.4,无子女者: 44人/已婚10.2年/Σp0.03/其中女同4人,本队列女同 17 人（9.8%）,0.09389548565749806,2075614,759,635,11,20,3756,25.50,42.0,19.6,0,0,0.3361,1.5408,0.666,0.965,0.961,0.926,0.871,0.808,0.660
96,7554,3833,5318,3073,1477,0,1281091,1642,1.6541,1.2500,2.0647,1.6518,40.94,83152,32.0,0.0417,69.3,40618,0.7811,0.7791,1.1179,0.8260,0.000,0.763,0.960,0.986,0.960,0.972,0.881,190,1.584,18.4,39.5,21.1,21.1,3.2,7.4,89.5,3.2,1.137,0.943,90.0,17.80,16.30,91.6,0:30/名下0.47/亲生0.00 1:117/名下1.34/亲生0.90 2:34/名下2.76/亲生1.71 3:9/名下4.00/亲生3.33,1.016,7.4,无子女者: 48人/已婚9.7年/Σp0.05/其中女同7人,本队列女同 16 人（8.4%）,0.21711989775020868,2134925,1016,850,20,22,3833,25.47,42.0,19.6,0,0,0.3539,1.7728,0.568,0.965,0.961,0.926,0.871,0.808,0.660
97,7644,3894,5407,3125,1504,0,1305357,1675,1.5384,1.2500,1.6566,1.3253,40.89,80533,40.1,0.0425,61.8,41899,0.7769,0.7732,1.1225,0.8322,0.000,0.781,0.948,0.996,0.976,0.944,0.887,195,1.651,16.9,34.9,25.6,22.6,2.1,6.7,91.3,2.1,1.159,1.043,91.3,17.98,16.50,91.8,0:31/名下0.48/亲生0.00 1:116/名下1.48/亲生0.91 2:38/名下2.53/亲生1.74 3:10/名下3.90/亲生3.30,1.051,7.2,无子女者: 47人/已婚10.7年/Σp0.05/其中女同5人,本队列女同 11 人（5.6%）,0.3969426144818158,2128075,980,830,23,17,3894,25.46,42.0,19.6,0,0,0.3626,1.5363,0.674,0.965,0.961,0.926,0.871,0.808,0.660
98,7740,3959,5495,3176,1531,0,1319415,1714,1.5146,1.2500,1.5301,1.2241,40.85,78251,48.2,0.0454,57.4,42741,0.7730,0.7737,1.1190,0.8237,0.000,0.761,0.950,0.996,0.964,0.954,0.913,194,1.686,14.4,35.6,27.8,22.2,1.0,5.2,93.8,1.0,1.144,1.042,93.3,18.30,16.86,92.1,0:27/名下0.52/亲生0.00 1:124/名下1.53/亲生0.94 2:35/名下2.60/亲生1.83 3:8/名下4.00/亲生3.38,1.067,6.2,无子女者: 39人/已婚10.9年/Σp0.05/其中女同3人,本队列女同 9 人（4.6%）,0.7990971482682312,2164443,953,824,23,27,3959,25.44,42.0,19.6,0,0,0.3568,1.3511,0.728,0.965,0.961,0.926,0.871,0.808,0.660
99,7828,4027,5608,3241,1556,0,1333936,1738,1.5045,1.2500,1.7746,1.4197,40.91,76289,20.1,0.0470,65.7,47361,0.7785,0.7809,1.1127,0.8341,0.000,0.747,0.975,0.996,0.964,0.970,0.927,199,1.744,14.1,32.7,29.6,23.6,1.5,5.0,93.5,1.5,1.181,1.060,93.0,18.46,17.07,92.5,0:25/名下0.40/亲生0.00 1:121/名下1.58/亲生0.93 2:47/名下2.62/亲生1.85 3:6/名下3.83/亲生3.17,1.101,6.5,无子女者: 37人/已婚10.9年/Σp0.05/其中女同3人,本队列女同 9 人（4.5%）,0.7425117342206278,1999407,1320,1108,13,21,4027,25.45,42.0,19.6,0,0,0.3606,1.3944,0.712,0.965,0.961,0.926,0.871,0.808,0.660
100,7924,4107,5693,3290,1582,0,1352784,1803,1.6216,1.2500,1.9037,1.5230,40.80,77991,21.0,0.0436,73.3,42536,0.7825,0.7819,1.1232,0.8095,0.000,0.684,0.981,1.000,0.976,0.980,0.911,196,1.842,11.2,32.1,31.1,25.5,2.0,7.7,90.3,2.0,1.184,1.037,94.4,18.96,17.49,92.3,0:23/名下0.52/亲生0.00 1:118/名下1.58/亲生0.92 2:52/名下2.88/亲生1.98 3:3/名下4.00/亲生3.33,1.128,5.6,无子女者: 33人/已婚11.8年/Σp0.03/其中女同2人,本队列女同 9 人（4.6%）,0.12945199278233588,2234519,858,697,16,31,4107,25.44,42.0,19.6,0,0,0.3561,1.6743,0.566,0.965,0.961,0.926,0.871,0.808,0.660
101,8003,4181,5789,3346,1607,0,1384789,1821,1.6149,1.2500,1.9243,1.5395,40.82,81526,29.9,0.0407,71.2,37102,0.7841,0.7793,1.1156,0.7834,0.000,0.699,0.977,0.996,0.987,0.975,0.909,203,1.813,9.4,35.0,33.5,22.2,2.0,7.4,90.6,2.0,1.222,1.104,95.1,19.40,17.98,92.7,0:21/名下0.62/亲生0.00 1:122/名下1.48/亲生0.93 2:55/名下2.82/亲生1.98 3:5/名下3.80/亲生2.80,1.167,4.4,无子女者: 29人/已婚11.4年/Σp0.04/其中女同2人,本队列女同 12 人（5.9%）,0.1737044438174138,2165656,1036,871,14,39,4181,25.43,42.0,19.6,0,0,0.3600,1.7488,0.514,0.965,0.961,0.926,0.871,0.808,0.660
102,8107,4251,5915,3418,1633,0,1417534,1809,1.5655,1.2500,1.3231,1.0585,40.85,89077,24.9,0.0441,74.4,38497,0.7830,0.7854,1.1184,0.7841,0.000,0.736,0.992,0.992,0.988,0.968,0.890,208,1.813,8.2,36.1,33.7,22.1,1.9,7.2,90.9,1.9,1.250,1.170,94.7,19.38,17.83,92.0,0:18/名下0.67/亲生0.00 1:128/名下1.46/亲生0.94 2:55/名下2.78/亲生1.96 3:7/名下3.57/亲生2.86,1.192,3.4,无子女者: 26人/已婚11.1年/Σp0.05/其中女同1人,本队列女同 10 人（4.8%）,0.23131934241303043,1956364,956,810,14,22,4251,25.42,42.0,19.6,0,0,0.3805,1.7063,0.540,0.965,0.961,0.926,0.871,0.808,0.660
103,8192,4325,6009,3473,1660,0,1435233,1843,1.5645,1.2500,1.7402,1.3921,40.75,92791,27.2,0.0374,60.6,40111,0.7835,0.7809,1.1211,0.7934,0.000,0.740,0.974,0.996,0.963,0.966,0.898,195,1.759,9.2,36.9,32.3,21.5,2.1,7.7,90.3,2.1,1.251,1.159,92.3,18.67,17.18,92.0,0:17/名下0.82/亲生0.00 1:124/名下1.45/亲生0.92 2:44/名下2.57/亲生1.84 3:10/名下3.60/亲生3.00,1.154,3.1,无子女者: 30人/已婚9.4年/Σp0.06/其中女同2人,本队列女同 11 人（5.6%）,0.21679781951669952,2235827,955,800,22,20,4325,25.39,42.0,19.6,0,0,0.3393,1.5217,0.616,0.965,0.961,0.926,0.871,0.808,0.660
104,8296,4402,6112,3532,1687,0,1461103,1872,1.5597,1.2500,1.6693,1.3354,40.79,92766,28.3,0.0387,62.9,41727,0.7836,0.7838,1.1133,0.8164,0.000,0.733,0.970,0.984,0.988,0.957,0.891,196,1.730,11.2,34.7,30.6,23.5,1.5,5.1,93.4,1.5,1.265,1.201,90.3,18.34,16.92,92.3,0:16/名下0.88/亲生0.00 1:124/名下1.44/亲生0.90 2:45/名下2.40/亲生1.80 3:11/名下3.45/亲生2.91,1.143,3.6,无子女者: 33人/已婚8.1年/Σp0.08/其中女同3人,本队列女同 12 人（6.1%）,0.3384964949229641,2196735,1029,887,17,21,4402,25.38,42.0,19.6,0,0,0.3680,1.4594,0.669,0.965,0.961,0.926,0.871,0.808,0.660
105,8377,4470,6208,3588,1714,0,1489030,1896,1.4931,1.2500,1.9658,1.5726,40.66,90174,25.0,0.0450,74.2,43248,0.7823,0.7826,1.1252,0.8083,0.000,0.750,0.957,0.989,0.960,0.973,0.914,198,1.747,13.6,32.8,26.3,27.3,1.0,5.6,93.4,1.0,1.253,1.093,89.4,17.94,16.54,92.2,0:20/名下0.85/亲生0.00 1:121/名下1.46/亲生0.88 2:46/名下2.43/亲生1.76 3:11/名下3.64/亲生3.18,1.121,5.1,无子女者: 40人/已婚8.7年/Σp0.12/其中女同5人,本队列女同 13 人（6.6%）,0.437043053864997,2273885,1145,1003,17,25,4470,25.37,42.0,19.6,0,0,0.3594,1.6787,0.574,0.965,0.961,0.926,0.871,0.808,0.660
106,8477,4557,6303,3643,1740,0,1516871,1929,1.6056,1.2500,2.1250,1.7000,40.51,86076,52.1,0.0432,72.9,39188,0.7818,0.7836,1.1234,0.8167,0.000,0.746,0.942,0.985,0.976,0.946,0.922,194,1.763,13.4,34.5,24.2,27.8,1.0,4.6,94.3,1.0,1.268,1.095,90.2,17.83,16.48,92.5,0:24/名下0.88/亲生0.00 1:105/名下1.41/亲生0.88 2:56/名下2.48/亲生1.79 3:9/名下3.78/亲生3.22,1.139,5.7,无子女者: 43人/已婚9.3年/Σp0.11/其中女同5人,本队列女同 11 人（5.7%）,0.7232987359757033,2307909,977,839,37,12,4557,25.37,42.0,19.6,0,0,0.3658,1.7912,0.539,0.965,0.961,0.926,0.871,0.808,0.660
107,8580,4635,6389,3692,1767,0,1530134,1943,1.6079,1.2500,1.6523,1.3219,40.56,87429,38.1,0.0515,58.8,35228,0.7810,0.7817,1.1185,0.8028,0.000,0.707,0.955,0.985,0.964,0.954,0.925,190,1.768,13.2,34.2,25.3,27.4,2.6,4.7,92.6,2.6,1.295,1.098,90.5,18.11,16.62,91.8,0:21/名下0.90/亲生0.00 1:101/名下1.33/亲生0.86 2:60/名下2.53/亲生1.87 3:8/名下3.88/亲生3.13,1.179,4.2,无子女者: 39人/已婚9.0年/Σp0.12/其中女同4人,本队列女同 9 人（4.7%）,1.7778922930870067,2430489,1019,881,45,14,4635,25.35,42.0,19.6,0,0,0.3446,1.6830,0.566,0.965,0.961,0.926,0.871,0.808,0.660
108,8689,4707,6480,3745,1795,0,1544034,1963,1.5324,1.2500,1.8802,1.5041,40.52,95079,25.7,0.0385,58.8,38115,0.7798,0.7783,1.1195,0.7869,0.000,0.692,0.975,0.965,0.962,0.945,0.910,193,1.756,13.5,37.3,21.2,28.0,4.1,4.7,91.2,4.1,1.259,0.992,89.6,17.99,16.56,92.1,0:20/名下0.85/亲生0.00 1:110/名下1.40/亲生0.87 2:57/名下2.51/亲生1.79 3:6/名下4.17/亲生3.17,1.124,4.1,无子女者: 40人/已婚8.9年/Σp0.13/其中女同4人,本队列女同 9 人（4.7%）,1.8597032942760876,2430837,1134,940,49,16,4707,25.33,42.0,19.6,0,0,0.3302,1.5060,0.586,0.965,0.961,0.926,0.871,0.808,0.660
109,8764,4758,6575,3800,1823,0,1568209,1990,1.3422,1.2500,1.5996,1.2797,40.73,100062,22.9,0.0404,66.1,40511,0.7759,0.7761,1.1054,0.7954,0.000,0.712,0.959,0.960,0.974,0.941,0.884,182,1.736,14.3,36.3,22.0,27.5,5.5,6.6,87.9,5.5,1.302,1.044,89.0,17.88,16.37,91.6,0:13/名下0.69/亲生0.00 1:108/名下1.42/亲生0.89 2:55/名下2.44/亲生1.75 3:6/名下3.33/亲生2.67,1.143,3.3,无子女者: 33人/已婚7.1年/Σp0.08/其中女同3人,本队列女同 4 人（2.2%）,1.45701003920216,2418277,1005,864,49,12,4758,25.32,42.0,19.6,0,0,0.3581,1.4909,0.601,0.965,0.961,0.926,0.871,0.808,0.660
110,8892,4839,6682,3862,1851,0,1595208,2034,1.4674,1.2500,1.7103,1.3682,40.67,103372,26.1,0.0344,68.8,42829,0.7718,0.7698,1.1149,0.7883,0.000,0.706,0.949,0.965,0.961,0.963,0.856,187,1.711,15.0,35.8,25.7,23.5,6.4,8.0,85.6,6.4,1.241,1.053,87.7,17.83,16.37,91.8,0:17/名下0.76/亲生0.00 1:117/名下1.44/亲生0.86 2:45/名下2.47/亲生1.76 3:8/名下3.50/亲生2.75,1.080,3.2,无子女者: 39人/已婚7.6年/Σp0.07/其中女同2人,本队列女同 8 人（4.3%）,1.5360058215174774,2329325,1129,955,44,9,4839,25.32,42.0,19.6,0,0,0.3624,1.4489,0.618,0.965,0.961,0.926,0.871,0.808,0.660
111,9010,4902,6773,3914,1879,0,1619615,2121,1.3931,1.2500,1.3342,1.0673,40.79,104433,21.4,0.0364,66.2,44516,0.7705,0.7708,1.1095,0.7874,0.000,0.696,0.941,0.961,0.965,0.977,0.874,220,1.586,17.7,36.4,24.5,21.4,5.0,5.9,89.1,5.0,1.136,0.945,89.1,17.77,16.39,92.2,0:27/名下0.52/亲生0.00 1:145/名下1.46/亲生0.88 2:41/名下2.44/亲生1.78 3:7/名下3.29/亲生2.86,1.005,5.9,无子女者: 50人/已婚8.8年/Σp0.06/其中女同3人,本队列女同 10 人（4.5%）,1.7704732380984751,2514022,1266,1069,50,9,4902,25.31,42.0,19.6,0,0,0.3611,1.3743,0.665,0.965,0.961,0.926,0.871,0.808,0.660
112,9104,4967,6865,3967,1909,0,1647395,2178,1.3832,1.2500,1.9221,1.5377,40.94,103321,26.8,0.0433,86.0,51870,0.7732,0.7764,1.1178,0.7673,0.000,0.682,0.946,0.956,0.968,0.970,0.891,221,1.624,15.8,35.3,28.5,20.4,2.7,5.9,91.4,2.7,1.149,0.967,91.4,18.14,16.70,92.1,0:28/名下0.43/亲生0.00 1:143/名下1.52/亲生0.91 2:42/名下2.43/亲生1.86 3:8/名下3.50/亲生3.00,1.050,6.3,无子女者: 45人/已婚9.7年/Σp0.04/其中女同3人,本队列女同 11 人（5.0%）,2.061993323971919,2525549,1137,938,47,7,4967,25.30,42.0,19.6,0,0,0.3689,1.4303,0.609,0.965,0.961,0.926,0.871,0.808,0.660
113,9219,5053,6958,4021,1938,0,1668691,2232,1.5233,1.2500,2.1250,1.7000,40.96,100306,25.2,0.0425,92.8,51747,0.7760,0.7743,1.1118,0.7454,0.000,0.674,0.923,0.970,0.946,0.985,0.905,215,1.623,14.9,34.9,30.7,19.5,2.8,6.0,91.2,2.8,1.135,0.953,92.6,18.26,16.89,92.5,0:30/名下0.50/亲生0.00 1:135/名下1.53/亲生0.92 2:44/名下2.34/亲生1.86 3:6/名下4.00/亲生3.50,1.056,6.0,无子女者: 44人/已婚10.4年/Σp0.04/其中女同2人,本队列女同 14 人（6.5%）,1.873109685912553,2524308,906,755,41,10,5053,25.30,42.0,19.6,0,0,0.3300,1.7265,0.504,0.965,0.961,0.926,0.871,0.808,0.660
114,9320,5117,7062,4081,1967,0,1693796,2257,1.4120,1.2500,1.2416,0.9932,41.17,102569,25.9,0.0427,63.5,47458,0.7730,0.7773,1.1156,0.7647,0.000,0.710,0.917,0.974,0.962,0.982,0.903,226,1.611,14.6,36.3,30.1,19.0,0.4,6.6,92.9,0.4,1.208,1.033,92.9,18.34,16.98,92.6,0:26/名下0.23/亲生0.00 1:140/名下1.45/亲生0.92 2:52/名下2.33/亲生1.88 3:8/名下4.25/亲生3.63,1.133,6.6,无子女者: 40人/已婚9.8年/Σp0.05/其中女同2人,本队列女同 12 人（5.3%）,2.066905607728387,2460553,1210,1000,34,7,5117,25.29,42.0,19.6,0,0,0.3407,1.3309,0.697,0.965,0.961,0.926,0.871,0.808,0.660
115,9418,5192,7150,4132,1996,0,1695561,2275,1.4353,1.2500,1.8609,1.4887,41.24,103673,31.1,0.0391,81.4,55443,0.7752,0.7742,1.1172,0.7766,0.000,0.688,0.914,0.976,0.947,0.972,0.917,215,1.623,16.3,31.6,33.0,19.1,1.4,5.1,93.5,1.4,1.256,1.122,89.8,17.95,16.66,92.8,0:22/名下0.32/亲生0.00 1:127/名下1.43/亲生0.87 2:59/名下2.22/亲生1.83 3:7/名下4.29/亲生3.57,1.135,6.5,无子女者: 42人/已婚8.9年/Σp0.13/其中女同2人,本队列女同 12 人（5.6%）,2.2686697536398412,2645808,1106,899,53,24,5192,25.28,42.0,19.6,0,0,0.3518,1.3633,0.656,0.965,0.961,0.926,0.871,0.808,0.660
116,9519,5272,7240,4184,2026,0,1711894,2317,1.4726,1.2500,1.2125,0.9700,41.38,110994,23.1,0.0375,96.5,50024,0.7696,0.7658,1.1245,0.7692,0.000,0.681,0.885,0.960,0.959,0.959,0.933,214,1.692,15.4,31.8,31.3,21.5,0.9,5.1,93.9,0.9,1.290,1.232,90.7,18.32,16.89,92.2,0:21/名下0.33/亲生0.00 1:120/名下1.44/亲生0.89 2:66/名下2.38/亲生1.85 3:7/名下3.57/亲生3.00,1.168,7.5,无子女者: 39人/已婚9.6年/Σp0.20/其中女同1人,本队列女同 12 人（5.6%）,3.8361451625825964,2653998,880,726,68,32,5272,25.27,42.0,19.6,0,0,0.3716,1.6666,0.528,0.965,0.961,0.926,0.871,0.808,0.660
117,9626,5345,7334,4239,2056,0,1738222,2345,1.4464,1.2500,1.4537,1.1630,41.57,118449,24.6,0.0394,68.4,47738,0.7664,0.7662,1.1175,0.7722,0.000,0.695,0.900,0.945,0.958,0.963,0.919,229,1.659,14.8,34.5,31.4,19.2,1.3,7.0,91.7,1.3,1.288,1.274,90.8,18.31,16.85,92.1,0:20/名下0.30/亲生0.00 1:135/名下1.39/亲生0.90 2:65/名下2.38/亲生1.82 3:9/名下3.44/亲生3.00,1.166,7.4,无子女者: 39人/已婚9.3年/Σp0.21/其中女同1人,本队列女同 14 人（6.1%）,4.233792804370552,2662059,920,749,65,44,5345,25.27,42.0,19.6,0,0,0.3484,1.3329,0.666,0.965,0.961,0.926,0.871,0.808,0.660
118,9736,5414,7447,4304,2086,0,1770146,2413,1.3866,1.2500,1.3925,1.1140,41.73,120167,21.6,0.0427,77.9,53831,0.7639,0.7634,1.1194,0.7782,0.000,0.720,0.911,0.932,0.964,0.961,0.887,218,1.670,15.1,32.1,35.3,17.4,1.4,8.7,89.9,1.4,1.252,1.213,92.7,18.59,17.04,91.7,0:25/名下0.36/亲生0.00 1:123/名下1.50/亲生0.93 2:63/名下2.35/亲生1.83 3:7/名下3.29/亲生3.00,1.147,8.7,无子女者: 40人/已婚10.7年/Σp0.19/其中女同1人,本队列女同 13 人（6.0%）,3.8234081496685377,2551607,1161,998,62,38,5414,25.28,42.0,19.6,0,0,0.3535,1.4039,0.670,0.965,0.961,0.926,0.871,0.808,0.660
119,9836,5498,7557,4367,2117,0,1805275,2464,1.4922,1.2500,1.6153,1.2923,41.85,115413,22.3,0.0400,91.3,56520,0.7625,0.7588,1.1217,0.7851,0.000,0.728,0.911,0.910,0.961,0.958,0.878,234,1.799,11.1,34.6,31.2,23.1,1.3,7.3,91.5,1.3,1.308,1.193,94.4,19.13,17.46,91.3,0:24/名下0.46/亲生0.00 1:131/名下1.52/亲生0.96 2:66/名下2.52/亲生1.82 3:13/名下3.46/亲生3.08,1.222,6.4,无子女者: 35人/已婚11.5年/Σp0.10/其中女同0人,本队列女同 13 人（5.6%）,3.7825173296032375,2578039,1095,921,73,40,5498,25.26,42.0,19.6,0,0,0.3460,1.5991,0.587,0.965,0.961,0.926,0.871,0.808,0.660
120,9939,5569,7693,4446,2147,0,1830822,2448,1.4167,1.2500,1.5365,1.2292,41.96,115080,26.1,0.0425,78.8,57809,0.7649,0.7702,1.1170,0.8020,0.000,0.753,0.933,0.917,0.952,0.968,0.910,243,1.704,11.5,34.6,35.0,18.9,1.2,5.8,93.0,1.2,1.317,1.103,93.4,19.14,17.46,91.2,0:23/名下0.57/亲生0.00 1:138/名下1.45/亲生0.96 2:68/名下2.21/亲生1.72 3:14/名下3.64/亲生3.29,1.214,5.3,无子女者: 38人/已婚10.6年/Σp0.04/其中女同0人,本队列女同 13 人（5.3%）,3.624498392809116,2386529,1616,1346,60,26,5569,25.26,42.0,19.6,0,0,0.3548,1.3439,0.713,0.965,0.961,0.926,0.871,0.808,0.660
121,10047,5660,7807,4512,2178,0,1837836,2478,1.5288,1.2500,1.8056,1.4445,41.97,113653,25.3,0.0442,94.2,60032,0.7674,0.7691,1.1159,0.8031,0.000,0.731,0.957,0.920,0.944,0.974,0.905,247,1.648,12.1,35.6,34.4,17.8,1.2,6.1,92.7,1.2,1.279,1.032,92.3,19.03,17.34,91.1,0:24/名下0.63/亲生0.00 1:144/名下1.46/亲生0.95 2:68/名下2.07/亲生1.69 3:11/名下3.73/亲生3.27,1.166,4.9,无子女者: 42人/已婚10.0年/Σp0.05/其中女同0人,本队列女同 11 人（4.5%）,2.938292620064331,2603146,1253,1044,56,26,5660,25.25,42.0,19.6,0,0,0.3626,1.5153,0.633,0.965,0.961,0.926,0.871,0.808,0.660
122,10149,5750,7906,4569,2209,0,1858308,2495,1.5888,1.2500,1.2115,0.9692,42.04,116776,22.9,0.0429,74.3,57060,0.7668,0.7661,1.1164,0.8132,0.000,0.742,0.973,0.940,0.920,0.941,0.912,254,1.622,13.8,36.6,31.1,18.5,1.6,7.1,91.3,1.6,1.252,1.007,91.3,18.80,17.22,91.6,0:25/名下0.52/亲生0.00 1:154/名下1.40/亲生0.93 2:63/名下2.16/亲生1.70 3:12/名下3.92/亲生3.17,1.134,6.3,无子女者: 46人/已婚9.6年/Σp0.11/其中女同2人,本队列女同 12 人（4.7%）,2.0799863876510045,2758938,1279,1037,62,41,5750,25.24,42.0,19.6,0,0,0.3727,1.2727,0.785,0.965,0.961,0.926,0.871,0.808,0.660
123,10232,5828,8007,4628,2240,0,1889355,2504,1.5010,1.2500,1.5234,1.2188,42.11,124448,24.0,0.0449,83.8,62971,0.7639,0.7589,1.1219,0.8183,0.000,0.713,0.970,0.957,0.924,0.909,0.887,257,1.549,18.3,34.2,30.7,16.7,3.5,7.4,89.1,3.5,1.214,0.986,88.3,17.98,16.42,91.3,0:27/名下0.41/亲生0.00 1:162/名下1.36/亲生0.88 2:58/名下2.09/亲生1.69 3:10/名下4.50/亲生3.40,1.066,8.2,无子女者: 57人/已婚8.2年/Σp0.15/其中女同7人,本队列女同 14 人（5.4%）,1.6869097300202327,2773440,1111,912,73,34,5828,25.25,42.0,19.6,0,0,0.3840,1.2443,0.790,0.965,0.961,0.926,0.871,0.808,0.660
124,10348,5923,8136,4702,2272,0,1934372,2467,1.5758,1.2500,1.5733,1.2587,42.11,132782,23.2,0.0390,96.4,65525,0.7608,0.7616,1.1293,0.8146,0.000,0.750,0.965,0.954,0.928,0.892,0.876,256,1.617,19.1,30.5,30.5,19.9,3.9,7.4,88.7,3.9,1.242,1.079,87.5,17.82,16.25,91.2,0:25/名下0.32/亲生0.00 1:157/名下1.36/亲生0.85 2:65/名下2.35/亲生1.82 3:9/名下4.33/亲生3.11,1.090,8.2,无子女者: 57人/已婚7.8年/Σp0.17/其中女同8人,本队列女同 18 人（7.0%）,1.1957011297256628,2552888,1249,1052,76,26,5923,25.24,42.0,19.6,0,0,0.3761,1.3953,0.701,0.965,0.961,0.926,0.871,0.808,0.660
125,10464,6015,8242,4763,2304,0,1973239,2475,1.5786,1.2500,1.5699,1.2559,42.15,134875,23.8,0.0372,101.8,64359,0.7552,0.7552,1.1250,0.8188,0.000,0.743,0.965,0.956,0.915,0.896,0.871,263,1.654,18.3,30.8,30.0,20.9,2.7,8.0,89.4,2.7,1.247,1.053,90.1,18.09,16.47,91.0,0:32/名下0.38/亲生0.00 1:148/名下1.35/亲生0.86 2:73/名下2.47/亲生1.86 3:10/名下4.30/亲生3.10,1.122,9.1,无子女者: 58人/已婚9.1年/Σp0.15/其中女同7人,本队列女同 16 人（6.1%）,1.4974642619049092,2798960,1201,1030,84,29,6015,25.24,42.0,19.6,0,0,0.3970,1.4204,0.688,0.965,0.961,0.926,0.871,0.808,0.660
126,10601,6118,8341,4821,2337,0,1995820,2505,1.6355,1.2500,1.2625,1.0100,42.11,135534,24.1,0.0395,90.3,62582,0.7533,0.7539,1.1299,0.8002,0.000,0.719,0.979,0.959,0.906,0.887,0.868,257,1.708,15.2,30.7,32.3,21.8,2.7,10.9,86.4,2.7,1.265,1.079,91.1,18.47,16.71,90.5,0:30/名下0.53/亲生0.00 1:141/名下1.40/亲生0.87 2:78/名下2.49/亲生1.90 3:8/名下4.00/亲生3.13,1.152,6.6,无子女者: 53人/已婚9.6年/Σp0.12/其中女同6人,本队列女同 19 人（7.4%）,1.9258670569027458,2929047,1176,1005,87,37,6118,25.25,42.0,19.6,0,0,0.3711,1.3591,0.705,0.965,0.961,0.926,0.871,0.808,0.660
127,10727,6213,8462,4891,2369,0,2018310,2524,1.6040,1.2500,1.5436,1.2349,42.13,130046,23.9,0.0410,92.9,65652,0.7590,0.7592,1.1258,0.8128,0.000,0.751,0.976,0.971,0.924,0.893,0.833,265,1.725,13.2,31.7,33.6,21.5,3.0,12.5,84.5,3.0,1.257,1.079,92.5,18.83,17.08,90.7,0:30/名下0.57/亲生0.00 1:147/名下1.46/亲生0.90 2:81/名下2.51/亲生1.93 3:7/名下3.29/亲生2.43,1.151,6.0,无子女者: 50人/已婚10.4年/Σp0.06/其中女同4人,本队列女同 20 人（7.5%）,1.246212420948595,2776000,1521,1280,85,33,6213,25.25,42.0,19.6,0,0,0.3585,1.3972,0.694,0.965,0.961,0.926,0.871,0.808,0.660
128,10879,6318,8589,4964,2402,0,2030816,2543,1.6598,1.2500,1.5489,1.2392,42.12,126415,22.4,0.0421,85.5,67693,0.7652,0.7621,1.1294,0.8365,0.000,0.757,0.983,0.950,0.949,0.895,0.816,266,1.620,14.7,35.0,31.2,19.2,3.0,14.7,82.3,3.0,1.188,1.037,92.9,18.78,16.99,90.5,0:39/名下0.49/亲生0.00 1:149/名下1.44/亲生0.92 2:70/名下2.36/亲生1.86 3:8/名下4.00/亲生3.25,1.102,7.9,无子女者: 55人/已婚11.6年/Σp0.05/其中女同3人,本队列女同 15 人（5.6%）,1.1418126973527905,2730737,1242,1083,87,31,6318,25.24,42.0,19.6,0,0,0.3488,1.2872,0.757,0.965,0.961,0.926,0.871,0.808,0.660
129,11011,6403,8706,5032,2435,0,2048575,2544,1.5699,1.2500,1.5983,1.2786,42.21,128826,27.6,0.0441,86.2,64289,0.7620,0.7637,1.1306,0.8310,0.000,0.762,0.985,0.991,0.927,0.901,0.801,261,1.605,16.1,34.9,29.9,19.2,3.4,14.6,82.0,3.4,1.192,1.101,91.6,18.81,17.04,90.6,0:38/名下0.50/亲生0.00 1:147/名下1.43/亲生0.92 2:67/名下2.31/亲生1.76 3:9/名下3.89/亲生3.22,1.080,8.8,无子女者: 57人/已婚11.7年/Σp0.10/其中女同3人,本队列女同 16 人（6.1%）,1.2012622642485127,2847766,1277,1108,84,18,6403,25.24,42.0,19.6,0,0,0.3534,1.3624,0.722,0.965,0.961,0.926,0.871,0.808,0.660
130,11119,6502,8838,5108,2468,0,2067060,2535,1.5958,1.2500,2.0296,1.6237,42.12,137362,27.7,0.0402,97.3,68007,0.7682,0.7710,1.1308,0.8122,0.000,0.716,0.991,0.997,0.963,0.904,0.819,267,1.566,18.0,34.1,29.6,18.4,4.5,13.9,81.6,4.5,1.176,1.035,89.9,18.19,16.43,90.3,0:38/名下0.50/亲生0.00 1:157/名下1.40/亲生0.90 2:61/名下2.28/亲生1.70 3:11/名下3.64/亲生3.09,1.045,8.2,无子女者: 62人/已婚10.3年/Σp0.09/其中女同4人,本队列女同 16 人（6.0%）,0.3260058090083362,2725030,1656,1370,57,28,6502,25.24,42.0,19.6,0,0,0.3697,1.3623,0.708,0.965,0.961,0.926,0.871,0.808,0.660
131,11255,6613,8976,5188,2501,0,2100715,2560,1.6530,1.2500,1.4000,1.1200,42.09,145441,25.9,0.0379,106.5,64709,0.7728,0.7789,1.1257,0.8156,0.000,0.759,0.991,0.991,0.982,0.910,0.807,254,1.567,16.5,33.9,30.3,19.3,3.9,12.6,83.5,3.9,1.165,0.993,91.3,18.66,16.74,89.7,0:39/名下0.54/亲生0.00 1:144/名下1.45/亲生0.92 2:62/名下2.26/亲生1.71 3:9/名下3.11/亲生3.00,1.047,7.5,无子女者: 58人/已婚11.3年/Σp0.07/其中女同2人,本队列女同 13 人（5.1%）,0.20864906455820176,2641922,1461,1252,47,20,6613,25.24,42.0,19.6,0,0,0.3514,1.6567,0.585,0.965,0.961,0.926,0.871,0.808,0.660
132,11389,6719,9107,5263,2536,0,2124214,2578,1.6551,1.2500,1.9449,1.5559,42.09,153290,26.8,0.0362,91.6,63876,0.7842,0.7889,1.1277,0.8443,0.000,0.794,0.986,0.991,0.976,0.948,0.821,265,1.683,16.2,32.8,27.5,23.4,4.2,11.3,84.5,4.2,1.208,0.967,90.9,18.39,16.33,88.8,0:38/名下0.58/亲生0.00 1:148/名下1.47/亲生0.91 2:67/名下2.40/亲生1.76 3:12/名下3.75/亲生2.92,1.083,5.7,无子女者: 61人/已婚10.0年/Σp0.09/其中女同3人,本队列女同 16 人（6.0%）,0.36079338216093504,2735958,1589,1332,40,28,6719,25.23,42.0,19.6,0,0,0.3396,1.5396,0.649,0.965,0.961,0.926,0.871,0.808,0.660
133,11507,6818,9218,5328,2571,0,2146484,2622,1.6319,1.2500,2.0409,1.6327,42.13,153070,22.2,0.0409,108.6,61639,0.7842,0.7819,1.1254,0.8431,0.000,0.752,0.974,0.986,0.982,0.942,0.835,268,1.690,15.7,32.8,27.6,23.9,4.1,11.9,84.0,4.1,1.231,1.020,90.3,18.24,15.96,87.5,0:37/名下0.65/亲生0.00 1:147/名下1.46/亲生0.89 2:71/名下2.32/亲生1.79 3:13/名下3.77/亲生2.92,1.104,4.9,无子女者: 61人/已婚9.5年/Σp0.06/其中女同4人,本队列女同 16 人（6.0%）,0.2909956261197948,2962889,1034,875,39,49,6818,25.23,42.0,19.6,0,0,0.3507,1.7578,0.545,0.965,0.961,0.926,0.871,0.808,0.660
134,11617,6904,9330,5392,2606,0,2186118,2639,1.5327,1.2500,1.5895,1.2716,42.27,147211,25.8,0.0390,94.6,60066,0.7796,0.7799,1.1197,0.8168,0.000,0.753,0.974,0.991,0.963,0.957,0.830,275,1.662,15.6,35.6,25.8,22.9,2.9,13.1,84.0,2.9,1.229,1.097,90.5,18.32,16.01,87.4,0:41/名下0.76/亲生0.00 1:146/名下1.37/亲生0.90 2:75/名下2.29/亲生1.77 3:13/名下4.15/亲生3.00,1.102,5.8,无子女者: 65人/已婚10.0年/Σp0.11/其中女同4人,本队列女同 15 人（5.5%）,0.2758563473000777,2987920,1166,970,41,45,6904,25.22,42.0,19.6,0,0,0.3284,1.6264,0.571,0.965,0.961,0.926,0.871,0.808,0.660
135,11737,7003,9465,5470,2641,0,2215068,2642,1.5620,1.2500,1.9955,1.5964,42.10,142650,25.1,0.0420,100.1,62206,0.7801,0.7845,1.1143,0.8066,0.000,0.731,0.970,0.997,0.963,0.958,0.848,279,1.685,15.4,34.1,27.2,23.3,2.5,10.4,87.1,2.5,1.294,1.233,89.6,18.15,15.74,86.7,0:35/名下0.71/亲生0.00 1:145/名下1.35/亲生0.88 2:85/名下2.25/亲生1.79 3:14/名下4.14/亲生3.07,1.158,5.0,无子女者: 61人/已婚8.8年/Σp0.15/其中女同4人,本队列女同 17 人（6.1%）,0.5091219703497245,2754666,1564,1317,34,37,7003,25.22,42.0,19.6,0,0,0.3356,1.6165,0.571,0.965,0.961,0.926,0.871,0.808,0.660
136,11856,7104,9591,5543,2676,0,2224571,2656,1.5793,1.2500,1.9986,1.5989,42.03,146054,22.3,0.0419,105.7,59776,0.7848,0.7855,1.1092,0.8075,0.000,0.742,0.962,0.983,0.972,0.968,0.859,264,1.678,12.5,35.6,31.8,20.1,2.3,9.5,88.3,2.3,1.299,1.311,91.7,18.72,16.33,87.2,0:28/名下0.82/亲生0.00 1:143/名下1.34/亲生0.92 2:82/名下2.26/亲生1.78 3:11/名下3.91/亲生3.00,1.178,4.5,无子女者: 48人/已婚9.6年/Σp0.15/其中女同3人,本队列女同 20 人（7.6%）,0.8596096123457357,2882964,1346,1119,38,28,7104,25.22,42.0,19.6,0,0,0.3441,1.7067,0.533,0.965,0.961,0.926,0.871,0.808,0.660
137,11977,7187,9706,5610,2711,0,2247832,2681,1.4968,1.2500,1.9302,1.5442,42.16,151746,24.4,0.0405,85.3,60259,0.7879,0.7949,1.1092,0.8068,0.000,0.732,0.981,0.986,0.986,0.971,0.898,263,1.726,11.4,33.8,34.6,20.2,1.5,6.5,92.0,1.5,1.300,1.268,92.4,18.91,16.57,87.7,0:25/名下0.72/亲生0.00 1:148/名下1.43/亲生0.94 2:79/名下2.32/亲生1.78 3:11/名下3.73/亲生2.91,1.186,4.2,无子女者: 43人/已婚9.1年/Σp0.16/其中女同3人,本队列女同 20 人（7.6%）,0.8011870127496934,3050256,1493,1196,25,26,7187,25.22,42.0,19.6,0,0,0.3320,1.4325,0.643,0.965,0.961,0.926,0.871,0.808,0.660
138,12131,7291,9834,5684,2746,0,2274409,2701,1.5765,1.2500,1.2673,1.0138,42.22,169071,24.3,0.0402,101.1,63061,0.7979,0.7999,1.1028,0.8143,0.000,0.725,0.980,0.989,0.984,0.960,0.919,266,1.744,10.5,33.1,34.6,21.8,0.8,3.8,95.5,0.8,1.301,1.285,93.2,19.21,16.98,88.4,0:22/名下0.41/亲生0.00 1:154/名下1.47/亲生0.94 2:80/名下2.42/亲生1.86 3:10/名下3.40/亲生2.80,1.207,4.5,无子女者: 38人/已婚9.7年/Σp0.11/其中女同1人,本队列女同 21 人（7.9%）,0.36116197564734875,2911684,1388,1177,29,24,7291,25.21,42.0,19.6,0,0,0.3597,1.5535,0.615,0.965,0.961,0.926,0.871,0.808,0.660
139,12234,7380,9968,5761,2782,0,2320496,2710,1.4945,1.2500,1.6085,1.2868,42.27,175496,27.1,0.0350,89.2,64627,0.8028,0.8022,1.1089,0.8061,0.000,0.717,0.978,0.986,0.992,0.964,0.932,271,1.657,14.0,32.8,32.5,20.7,3.0,4.4,92.6,3.0,1.266,1.181,90.4,18.37,16.43,89.4,0:30/名下0.50/亲生0.00 1:152/名下1.47/亲生0.91 2:77/名下2.27/亲生1.78 3:12/名下3.00/亲生2.42,1.125,5.2,无子女者: 53人/已婚9.2年/Σp0.06/其中女同1人,本队列女同 21 人（7.7%）,0.5384815089554422,2860783,1232,1059,27,23,7380,25.22,42.0,19.6,0,0,0.3422,1.3760,0.679,0.965,0.961,0.926,0.871,0.808,0.660
140,12367,7470,10097,5836,2821,0,2356109,2706,1.4714,1.2500,1.8220,1.4576,42.17,174275,27.4,0.0369,88.9,63968,0.8031,0.7988,1.1214,0.8013,0.000,0.727,0.963,0.984,0.989,0.959,0.926,289,1.644,15.2,32.2,31.8,20.8,3.5,3.5,93.1,3.5,1.266,1.177,90.3,18.13,16.30,89.9,0:35/名下0.46/亲生0.00 1:158/名下1.49/亲生0.92 2:81/名下2.25/亲生1.77 3:15/名下2.73/亲生2.33,1.118,5.9,无子女者: 60人/已婚9.0年/Σp0.04/其中女同2人,本队列女同 20 人（6.9%）,0.8460423762122247,2963747,1426,1209,36,11,7470,25.21,42.0,19.6,0,0,0.3226,1.4751,0.636,0.965,0.961,0.926,0.871,0.808,0.660
141,12492,7554,10231,5913,2857,0,2387672,2739,1.4072,1.2500,1.4059,1.1247,42.18,170673,24.7,0.0396,110.0,68098,0.7973,0.7952,1.1203,0.8012,0.000,0.725,0.952,0.989,0.992,0.981,0.914,292,1.654,16.8,29.8,33.2,20.2,2.7,4.5,92.8,2.7,1.281,1.233,89.4,17.74,16.08,90.6,0:35/名下0.49/亲生0.00 1:155/名下1.50/亲生0.90 2:88/名下2.16/亲生1.72 3:14/名下3.14/亲生2.57,1.120,6.8,无子女者: 64人/已婚9.0年/Σp0.06/其中女同2人,本队列女同 25 人（8.6%）,1.1828654627838375,2922828,1432,1210,27,11,7554,25.21,42.0,19.6,0,0,0.3445,1.5950,0.584,0.965,0.961,0.926,0.871,0.808,0.660
142,12617,7652,10339,5975,2893,0,2407709,2758,1.4439,1.2500,1.5974,1.2779,42.26,164962,27.5,0.0404,104.8,70102,0.7933,0.7883,1.1315,0.7807,0.000,0.698,0.939,0.981,0.987,0.978,0.925,289,1.637,15.6,30.8,34.9,18.7,1.7,3.8,94.5,1.7,1.270,1.162,91.0,17.70,16.10,91.0,0:37/名下0.59/亲生0.00 1:154/名下1.47/亲生0.92 2:83/名下2.12/亲生1.75 3:15/名下3.20/亲生2.67,1.131,6.6,无子女者: 61人/已婚9.7年/Σp0.05/其中女同4人,本队列女同 24 人（8.3%）,1.7949290168658507,3260135,993,853,37,30,7652,25.20,42.0,19.6,0,0,0.3434,1.4469,0.629,0.965,0.961,0.926,0.871,0.808,0.660
143,12755,7755,10472,6052,2930,0,2431879,2858,1.4863,1.2500,1.6527,1.3222,42.43,165217,22.3,0.0411,120.2,69222,0.7842,0.7825,1.1353,0.7855,0.000,0.723,0.930,0.981,0.984,0.982,0.931,291,1.763,11.7,32.3,35.7,20.3,1.0,3.8,95.2,1.0,1.251,1.151,94.2,18.34,16.76,91.4,0:33/名下0.64/亲生0.00 1:166/名下1.55/亲生0.94 2:80/名下2.38/亲生1.86 3:12/名下3.67/亲生2.92,1.168,5.2,无子女者: 49人/已婚10.8年/Σp0.07/其中女同4人,本队列女同 27 人（9.3%）,3.037947373175882,3020322,1406,1178,36,26,7755,25.20,42.0,19.6,0,0,0.3484,1.7016,0.550,0.965,0.961,0.926,0.871,0.808,0.660
144,12892,7865,10595,6123,2966,0,2456024,2894,1.5652,1.2500,1.8472,1.4778,42.36,175240,24.1,0.0401,103.3,67210,0.7826,0.7798,1.1366,0.8088,0.000,0.725,0.939,0.976,0.982,0.978,0.927,295,1.814,11.5,31.5,34.9,22.0,1.0,5.4,93.6,1.0,1.292,1.184,93.9,18.32,16.91,92.3,0:34/名下0.74/亲生0.00 1:157/名下1.50/亲生0.93 2:91/名下2.54/亲生1.90 3:13/名下3.31/亲生2.69,1.200,4.4,无子女者: 51人/已婚10.6年/Σp0.07/其中女同4人,本队列女同 24 人（8.1%）,2.4152821899246533,3145670,1314,1102,34,42,7865,25.20,42.0,19.6,0,0,0.3521,1.5360,0.628,0.965,0.961,0.926,0.871,0.808,0.660
145,13041,7975,10710,6190,3004,0,2455522,2963,1.5937,1.2500,2.0063,1.6051,42.24,183184,24.4,0.0395,108.2,61216,0.7764,0.7727,1.1281,0.7874,0.000,0.696,0.939,0.970,0.985,0.974,0.925,301,1.821,12.0,31.9,32.9,23.3,1.3,3.7,95.0,1.3,1.276,1.108,94.7,18.76,17.37,92.6,0:39/名下0.67/亲生0.00 1:156/名下1.49/亲生0.94 2:94/名下2.66/亲生1.93 3:12/名下3.33/亲生2.75,1.196,6.3,无子女者: 54人/已婚12.5年/Σp0.07/其中女同5人,本队列女同 21 人（7.0%）,2.952734962333892,3322984,1273,1074,47,45,7975,25.21,42.0,19.6,0,0,0.3349,1.7127,0.519,0.965,0.961,0.926,0.871,0.808,0.660
146,13197,8094,10881,6289,3041,0,2490036,2965,1.6609,1.2500,2.0376,1.6301,42.21,195869,24.3,0.0336,113.5,57914,0.7751,0.7821,1.1131,0.7806,0.000,0.710,0.953,0.978,0.974,0.982,0.934,307,1.808,11.7,34.9,29.0,24.4,1.3,4.2,94.5,1.3,1.283,1.170,94.1,18.92,17.54,92.7,0:36/名下0.53/亲生0.00 1:162/名下1.45/亲生0.93 2:98/名下2.71/亲生1.91 3:11/名下3.18/亲生2.64,1.195,5.9,无子女者: 53人/已婚11.7年/Σp0.13/其中女同4人,本队列女同 20 人（6.5%）,2.665305030861731,2656500,2174,1843,42,40,8094,25.20,42.0,19.6,0,0,0.3493,1.8007,0.488,0.965,0.961,0.926,0.871,0.808,0.660
147,13324,8199,11020,6369,3081,0,2517646,3003,1.6190,1.2500,1.5796,1.2636,42.21,196965,25.1,0.0340,93.2,61103,0.7825,0.7813,1.1071,0.7961,0.000,0.741,0.964,0.960,0.982,0.977,0.921,305,1.754,14.4,32.8,27.2,25.6,1.3,5.6,93.1,1.3,1.279,1.219,94.4,18.80,17.51,93.1,0:41/名下0.34/亲生0.00 1:154/名下1.45/亲生0.95 2:97/名下2.64/亲生1.87 3:13/名下3.15/亲生2.77,1.190,8.9,无子女者: 57人/已婚12.2年/Σp0.13/其中女同6人,本队列女同 24 人（7.9%）,2.4354731348006737,3095816,1738,1434,44,44,8199,25.20,42.0,19.6,0,0,0.3406,1.4628,0.612,0.965,0.961,0.926,0.871,0.808,0.660
148,13431,8293,11176,6459,3120,0,2542636,3035,1.5057,1.2500,1.5327,1.2261,42.35,192903,23.0,0.0376,96.5,69657,0.7810,0.7794,1.1098,0.8154,0.000,0.731,0.973,0.966,0.979,0.962,0.909,316,1.652,17.1,34.2,25.6,23.1,1.6,6.6,91.8,1.6,1.212,1.077,93.7,18.59,17.30,93.1,0:48/名下0.27/亲生0.00 1:165/名下1.50/亲生0.96 2:93/名下2.49/亲生1.77 3:10/名下2.90/亲生2.60,1.104,10.1,无子女者: 67人/已婚12.0年/Σp0.10/其中女同6人,本队列女同 24 人（7.6%）,1.9790487597046535,2872009,1392,1144,47,50,8293,25.20,42.0,19.6,0,0,0.3600,1.2981,0.712,0.965,0.961,0.926,0.871,0.808,0.660
149,13590,8420,11345,6557,3159,0,2560911,3050,1.6201,1.2500,1.9079,1.5263,42.22,188609,25.9,0.0390,117.6,72113,0.7836,0.7911,1.1133,0.8111,0.000,0.746,0.989,0.967,0.984,0.982,0.920,310,1.732,15.2,32.9,28.7,23.2,1.3,4.8,93.9,1.3,1.223,1.107,94.2,18.61,17.36,93.3,0:42/名下0.26/亲生0.00 1:171/名下1.57/亲生0.95 2:85/名下2.62/亲生1.82 3:12/名下2.92/亲生2.67,1.129,8.4,无子女者: 59人/已婚11.4年/Σp0.08/其中女同6人,本队列女同 26 人（8.4%）,1.1903997628384388,2719220,1657,1386,28,45,8420,25.20,42.0,19.6,0,0,0.3426,1.5990,0.576,0.965,0.961,0.926,0.871,0.808,0.660
150,13744,8535,11503,6648,3198,0,2574936,3056,1.5927,1.2500,1.9564,1.5651,42.16,189307,23.8,0.0381,121.5,71207,0.7908,0.7875,1.1124,0.8147,0.000,0.756,0.989,0.982,0.979,0.983,0.934,320,1.803,15.0,29.4,32.2,23.4,0.6,5.0,94.4,0.6,1.253,1.092,94.7,18.61,17.33,93.1,0:43/名下0.26/亲生0.00 1:168/名下1.58/亲生0.95 2:96/名下2.68/亲生1.85 3:13/名下3.38/亲生2.92,1.175,9.1,无子女者: 58人/已婚11.5年/Σp0.05/其中女同6人,本队列女同 33 人（10.3%）,0.48793108895083037,2872988,1513,1259,17,60,8535,25.19,42.0,19.6,0,0,0.3474,1.7154,0.558,0.965,0.961,0.926,0.871,0.808,0.660
151,13902,8653,11653,6735,3236,0,2581149,3097,1.5903,1.2500,1.2286,0.9829,42.19,194155,27.4,0.0417,102.6,70566,0.7879,0.7893,1.1131,0.8142,0.000,0.744,0.987,0.993,0.995,0.980,0.928,329,1.818,14.0,31.0,31.0,24.0,0.9,6.7,92.4,0.9,1.255,1.050,94.8,18.75,17.49,93.3,0:42/名下0.31/亲生0.00 1:177/名下1.54/亲生0.94 2:95/名下2.71/亲生1.88 3:15/名下3.67/亲生3.07,1.188,8.2,无子女者: 58人/已婚11.5年/Σp0.05/其中女同7人,本队列女同 30 人（9.1%）,0.16903977905587908,3006561,1490,1266,11,61,8653,25.18,42.0,19.6,0,0,0.3395,1.5096,0.640,0.965,0.961,0.926,0.871,0.808,0.660
152,14052,8759,11804,6822,3275,0,2610909,3135,1.5222,1.2500,1.9420,1.5536,42.19,205956,26.6,0.0383,99.8,74699,0.7877,0.7883,1.1204,0.8020,0.000,0.751,0.982,0.995,0.995,0.973,0.919,317,1.877,12.0,28.7,34.1,25.2,1.3,4.4,94.3,1.3,1.287,1.175,95.0,18.89,17.61,93.2,0:35/名下0.37/亲生0.00 1:173/名下1.55/亲生0.92 2:93/名下2.74/亲生1.96 3:16/名下3.69/亲生3.06,1.233,7.3,无子女者: 49人/已婚12.2年/Σp0.07/其中女同6人,本队列女同 32 人（10.1%）,0.16868619110752547,3030101,1566,1343,18,55,8759,25.18,42.0,19.6,0,0,0.3412,1.3647,0.700,0.965,0.961,0.926,0.871,0.808,0.660
153,14200,8877,11945,6904,3315,0,2647056,3181,1.5345,1.2500,1.7089,1.3671,42.20,220139,29.1,0.0346,119.1,75153,0.7881,0.7849,1.1210,0.8091,0.000,0.726,0.988,0.992,0.992,0.978,0.917,327,1.820,11.9,30.3,34.3,23.5,1.5,5.2,93.3,1.5,1.269,1.172,94.5,18.82,17.49,92.9,0:39/名下0.46/亲生0.00 1:180/名下1.54/亲生0.93 2:91/名下2.57/亲生1.91 3:17/名下3.88/亲生3.12,1.208,7.3,无子女者: 53人/已婚12.9年/Σp0.07/其中女同5人,本队列女同 28 人（8.6%）,0.09971110102821967,3207238,1637,1387,16,62,8877,25.17,42.0,19.6,0,0,0.3380,1.6549,0.584,0.965,0.961,0.926,0.871,0.808,0.660
154,14363,8993,12100,6993,3355,0,2693820,3180,1.5319,1.2500,2.0859,1.6687,42.17,226152,23.5,0.0360,114.5,76104,0.7907,0.7925,1.1141,0.8190,0.000,0.767,0.977,0.992,0.995,0.983,0.931,321,1.760,11.5,33.0,31.5,24.0,1.6,5.0,93.5,1.6,1.249,1.181,93.1,18.68,17.39,93.1,0:34/名下0.59/亲生0.00 1:190/名下1.48/亲生0.91 2:83/名下2.54/亲生1.94 3:14/名下3.79/亲生3.21,1.178,6.2,无子女者: 53人/已婚12.7年/Σp0.08/其中女同5人,本队列女同 21 人（6.5%）,0.03758595308590884,3023803,1418,1211,12,54,8993,25.16,42.0,19.6,0,0,0.3455,1.5589,0.629,0.965,0.961,0.926,0.871,0.808,0.660
155,14518,9097,12257,7084,3396,0,2734372,3231,1.4440,1.2500,1.7433,1.3947,42.21,221819,27.2,0.0361,113.9,76278,0.7917,0.7898,1.1168,0.8332,0.000,0.729,0.975,0.995,0.998,0.982,0.916,346,1.662,13.3,32.9,32.4,21.4,2.0,5.5,92.5,2.0,1.225,1.134,91.6,18.46,17.16,93.0,0:39/名下0.59/亲生0.00 1:204/名下1.45/亲生0.90 2:92/名下2.39/亲生1.89 3:11/名下3.36/亲生3.00,1.127,6.4,无子女者: 64人/已婚11.4年/Σp0.10/其中女同2人,本队列女同 15 人（4.3%）,0.17755017283789698,3054934,1608,1364,20,35,9097,25.16,42.0,19.6,0,0,0.3584,1.5281,0.658,0.965,0.961,0.926,0.871,0.808,0.660
156,14693,9223,12429,7183,3437,0,2769342,3267,1.4967,1.2500,1.8450,1.4760,42.30,220022,24.9,0.0383,140.4,87718,0.7923,0.7954,1.1230,0.8100,0.000,0.745,0.984,0.993,0.988,0.985,0.926,340,1.674,12.9,33.5,32.1,21.5,0.9,4.1,95.0,0.9,1.218,1.133,92.1,18.76,17.40,92.8,0:38/名下0.58/亲生0.00 1:206/名下1.47/亲生0.90 2:83/名下2.39/亲生1.89 3:13/名下3.54/亲生3.00,1.124,6.8,无子女者: 62人/已婚11.5年/Σp0.10/其中女同2人,本队列女同 14 人（4.1%）,0.17672326978376418,2860261,1919,1627,17,32,9223,25.15,42.0,19.6,0,0,0.3503,1.5972,0.600,0.965,0.961,0.926,0.871,0.808,0.660
157,14839,9340,12589,7276,3477,0,2765916,3310,1.4643,1.2500,1.5366,1.2293,42.31,211723,23.6,0.0402,121.0,90716,0.7973,0.7991,1.1280,0.8164,0.000,0.761,0.980,0.995,0.988,0.992,0.932,344,1.692,14.8,31.7,30.2,23.3,0.9,4.9,94.2,0.9,1.227,1.131,90.7,18.33,17.08,93.2,0:39/名下0.72/亲生0.00 1:201/名下1.42/亲生0.88 2:93/名下2.47/亲生1.89 3:11/名下3.55/亲生2.91,1.116,6.4,无子女者: 69人/已婚10.0年/Σp0.13/其中女同4人,本队列女同 16 人（4.7%）,0.16822606340448942,3074477,1896,1558,15,11,9340,25.15,42.0,19.6,0,0,0.3536,1.3114,0.726,0.965,0.961,0.926,0.871,0.808,0.660
158,14994,9459,12724,7354,3518,0,2791935,3375,1.4580,1.2500,1.2477,0.9982,42.31,216612,24.6,0.0391,115.8,90192,0.7989,0.8006,1.1297,0.8142,0.000,0.738,0.978,0.993,0.993,0.985,0.934,339,1.758,13.6,31.0,31.3,24.2,0.3,5.0,94.7,0.3,1.257,1.175,92.0,18.58,17.32,93.2,0:43/名下0.65/亲生0.00 1:180/名下1.48/亲生0.91 2:103/名下2.49/亲生1.85 3:13/名下3.54/亲生2.85,1.153,6.5,无子女者: 67人/已婚10.7年/Σp0.12/其中女同6人,本队列女同 18 人（5.3%）,0.5104023195822549,3471787,1437,1212,17,23,9459,25.14,42.0,19.6,0,0,0.3408,1.2927,0.727,0.965,0.961,0.926,0.871,0.808,0.660
159,15140,9578,12864,7435,3559,0,2818077,3367,1.4498,1.2500,1.6080,1.2864,42.27,229632,26.1,0.0366,117.4,94469,0.7995,0.7961,1.1289,0.8231,0.000,0.758,0.971,0.987,0.998,0.986,0.938,314,1.825,12.1,30.9,32.2,24.8,0.6,4.1,95.2,0.6,1.303,1.309,92.4,18.58,17.27,93.0,0:36/名下0.61/亲生0.00 1:166/名下1.48/亲生0.91 2:95/名下2.57/亲生1.87 3:17/名下3.65/亲生2.88,1.204,5.7,无子女者: 57人/已婚10.2年/Σp0.07/其中女同7人,本队列女同 20 人（6.4%）,0.26366943297270495,3431753,1655,1372,20,27,9578,25.14,42.0,19.6,0,0,0.3624,1.1929,0.799,0.965,0.961,0.926,0.871,0.808,0.660
160,15311,9731,13020,7525,3600,0,2849704,3396,1.5925,1.2500,1.9889,1.5911,42.20,243006,27.8,0.0343,144.2,87666,0.7911,0.7913,1.1343,0.8191,0.000,0.737,0.973,0.994,0.983,0.981,0.931,328,1.820,13.4,29.9,31.1,25.6,1.8,4.3,93.9,1.8,1.305,1.241,91.2,18.36,17.07,93.0,0:39/名下0.62/亲生0.00 1:166/名下1.55/亲生0.92 2:109/名下2.44/亲生1.78 3:14/名下3.57/亲生2.86,1.180,6.4,无子女者: 63人/已婚10.2年/Σp0.07/其中女同8人,本队列女同 20 人（6.1%）,0.7378926683704492,3235513,1787,1554,26,28,9731,25.14,42.0,19.6,0,0,0.3553,1.5954,0.592,0.965,0.961,0.926,0.871,0.808,0.660
161,15451,9857,13164,7608,3643,0,2869267,3408,1.5654,1.2500,1.6677,1.3342,42.26,253156,30.2,0.0349,125.1,80213,0.7918,0.7914,1.1282,0.8145,0.000,0.716,0.977,0.996,0.981,0.977,0.933,327,1.847,11.9,29.7,32.1,26.3,1.5,3.4,95.1,1.5,1.287,1.251,93.3,18.62,17.24,92.6,0:37/名下0.43/亲生0.00 1:176/名下1.67/亲生0.95 2:99/名下2.40/亲生1.80 3:15/名下3.73/亲生3.07,1.196,7.0,无子女者: 54人/已婚11.0年/Σp0.02/其中女同6人,本队列女同 23 人（7.0%）,0.38155685906906456,3461676,1498,1225,31,41,9857,25.14,42.0,19.6,0,0,0.3471,1.5339,0.610,0.965,0.961,0.926,0.871,0.808,0.660
162,15615,9989,13336,7708,3687,0,2930476,3413,1.5646,1.2500,2.0277,1.6221,42.21,258266,26.1,0.0363,133.3,84772,0.7941,0.7956,1.1255,0.8036,0.000,0.736,0.977,0.994,0.986,0.979,0.929,329,1.784,12.5,30.7,33.7,23.1,2.1,5.2,92.7,2.1,1.258,1.251,93.6,18.70,17.18,91.9,0:39/名下0.46/亲生0.00 1:184/名下1.63/亲生0.95 2:90/名下2.34/亲生1.81 3:16/名下3.69/亲生3.06,1.173,7.3,无子女者: 56人/已婚11.3年/Σp0.02/其中女同3人,本队列女同 23 人（7.0%）,0.48301407598924584,3116561,1926,1630,30,39,9989,25.14,42.0,19.6,0,0,0.3240,1.6170,0.565,0.965,0.961,0.926,0.871,0.808,0.660
163,15767,10116,13480,7791,3731,0,2933154,3526,1.5651,1.2500,1.9717,1.5774,42.18,249621,24.3,0.0369,133.7,76171,0.7946,0.7953,1.1253,0.8073,0.000,0.739,0.973,0.989,0.985,0.972,0.928,342,1.769,12.9,31.0,32.2,24.0,2.3,4.1,93.6,2.3,1.243,1.250,92.7,18.61,17.08,91.8,0:40/名下0.47/亲生0.00 1:195/名下1.63/亲生0.93 2:93/名下2.31/亲生1.80 3:14/名下3.79/亲生3.14,1.146,7.0,无子女者: 62人/已婚10.6年/Σp0.06/其中女同3人,本队列女同 27 人（7.9%）,0.575283200713244,3525223,1514,1281,24,31,10116,25.13,42.0,19.6,0,0,0.3283,1.7866,0.512,0.965,0.961,0.926,0.871,0.808,0.660
164,15920,10248,13626,7875,3773,0,2949573,3539,1.5708,1.2500,1.8257,1.4605,42.08,241548,24.5,0.0420,140.2,79522,0.7910,0.7900,1.1295,0.8079,0.000,0.728,0.973,0.987,0.987,0.983,0.918,347,1.758,11.8,34.0,31.4,22.8,2.0,4.6,93.4,2.0,1.256,1.249,93.4,18.49,16.95,91.7,0:37/名下0.41/亲生0.00 1:202/名下1.52/亲生0.92 2:92/名下2.46/亲生1.87 3:16/名下3.81/亲生3.13,1.176,6.3,无子女者: 58人/已婚10.3年/Σp0.07/其中女同2人,本队列女同 27 人（7.8%）,0.6748243068512068,3531368,1469,1269,27,40,10248,25.13,42.0,19.6,0,0,0.3360,1.7508,0.522,0.965,0.961,0.926,0.871,0.808,0.660
165,16105,10386,13794,7972,3816,0,2964607,3530,1.5829,1.2500,1.7612,1.4090,42.04,247977,28.7,0.0400,133.7,79780,0.7925,0.7928,1.1264,0.7876,0.000,0.724,0.961,0.990,0.984,0.979,0.935,346,1.688,12.7,36.1,31.5,19.7,1.2,4.6,94.2,1.2,1.225,1.240,92.8,18.69,17.24,92.3,0:40/名下0.42/亲生0.00 1:200/名下1.42/亲生0.91 2:95/名下2.54/亲生1.87 3:11/名下3.82/亲生3.09,1.139,6.1,无子女者: 63人/已婚10.2年/Σp0.07/其中女同4人,本队列女同 25 人（7.2%）,0.4769578066619147,3232044,2096,1778,33,42,10386,25.12,42.0,19.6,0,0,0.3146,1.7300,0.514,0.965,0.961,0.926,0.871,0.808,0.660
166,16262,10508,13956,8066,3858,0,2998790,3508,1.5189,1.2500,1.7390,1.3912,42.07,256883,25.3,0.0386,145.9,82426,0.7924,0.7939,1.1250,0.7979,0.000,0.730,0.957,0.990,0.987,0.984,0.928,365,1.721,13.4,33.7,31.5,21.4,1.6,4.7,93.7,1.6,1.238,1.170,91.2,18.55,17.24,92.9,0:36/名下0.33/亲生0.00 1:217/名下1.47/亲生0.89 2:103/名下2.52/亲生1.85 3:9/名下4.22/亲生3.22,1.134,6.0,无子女者: 65人/已婚9.6年/Σp0.08/其中女同4人,本队列女同 21 人（5.8%）,1.1522159688241231,3356882,1833,1543,38,50,10508,25.12,42.0,19.6,0,0,0.3327,1.7512,0.515,0.965,0.961,0.926,0.871,0.808,0.660
167,16429,10622,14119,8160,3901,0,3018574,3521,1.4458,1.2500,1.3570,1.0856,42.12,275244,24.7,0.0362,116.3,83187,0.7933,0.7913,1.1257,0.7974,0.000,0.746,0.952,0.984,0.988,0.977,0.919,370,1.673,15.1,33.8,30.3,20.8,1.9,5.4,92.7,1.9,1.211,1.064,90.3,18.10,16.87,93.2,0:38/名下0.42/亲生0.00 1:223/名下1.45/亲生0.89 2:103/名下2.46/亲生1.80 3:6/名下4.33/亲生3.17,1.089,6.2,无子女者: 71人/已婚9.3年/Σp0.05/其中女同2人,本队列女同 18 人（4.9%）,1.3442739181508045,3369893,1866,1555,40,75,10622,25.11,42.0,19.6,0,0,0.3137,1.4671,0.615,0.965,0.961,0.926,0.871,0.808,0.660
168,16623,10751,14294,8261,3945,0,3042423,3573,1.4599,1.2500,1.9397,1.5518,42.14,296152,23.9,0.0341,131.2,84648,0.7893,0.7882,1.1179,0.8133,0.000,0.759,0.978,0.974,0.983,0.979,0.915,350,1.691,15.4,32.9,29.4,22.3,0.9,4.9,94.3,0.9,1.220,1.082,90.0,18.28,17.12,93.6,0:37/名下0.38/亲生0.00 1:209/名下1.49/亲生0.89 2:97/名下2.39/亲生1.78 3:7/名下4.86/亲生3.43,1.094,6.3,无子女者: 69人/已婚9.5年/Σp0.06/其中女同2人,本队列女同 18 人（5.1%）,1.671463230620958,3226189,1919,1598,41,68,10751,25.11,42.0,19.6,0,0,0.3197,1.6118,0.565,0.965,0.961,0.926,0.871,0.808,0.660
169,16826,10894,14466,8361,3989,0,3060638,3634,1.5398,1.2500,2.0448,1.6358,42.06,293313,22.6,0.0316,147.8,89003,0.7907,0.7916,1.1055,0.8156,0.000,0.735,0.973,0.982,0.977,0.978,0.941,350,1.783,14.3,31.7,28.0,26.0,1.1,3.4,95.4,1.1,1.254,1.092,92.3,18.41,17.21,93.5,0:39/名下0.33/亲生0.00 1:196/名下1.57/亲生0.92 2:106/名下2.45/亲生1.81 3:9/名下4.78/亲生3.44,1.151,7.4,无子女者: 64人/已婚11.1年/Σp0.05/其中女同2人,本队列女同 15 人（4.3%）,1.2171225913198782,3315650,2048,1722,32,64,10894,25.11,42.0,19.6,0,0,0.3243,1.7736,0.535,0.965,0.961,0.926,0.871,0.808,0.660
170,16974,11004,14642,8463,4033,0,3082653,3672,1.4176,1.2500,1.5411,1.2328,42.13,284850,24.4,0.0350,115.4,85940,0.7906,0.7942,1.1119,0.7983,0.000,0.727,0.976,0.990,0.988,0.974,0.937,344,1.794,13.7,30.2,31.7,24.4,1.2,4.9,93.9,1.2,1.247,1.123,92.7,18.37,17.16,93.4,0:43/名下0.49/亲生0.00 1:187/名下1.60/亲生0.92 2:104/名下2.44/亲生1.82 3:10/名下4.30/亲生3.40,1.148,7.0,无子女者: 67人/已婚11.4年/Σp0.06/其中女同1人,本队列女同 18 人（5.2%）,0.5416045843840607,3275840,1763,1455,35,73,11004,25.10,42.0,19.6,0,0,0.3312,1.3600,0.676,0.965,0.961,0.926,0.871,0.808,0.660
171,17159,11157,14823,8567,4076,0,3095695,3701,1.5419,1.2500,1.7814,1.4252,42.07,279382,22.9,0.0405,137.4,92432,0.7922,0.7903,1.1270,0.7957,0.000,0.757,0.974,0.982,0.988,0.964,0.930,368,1.821,12.2,30.7,31.8,25.3,1.6,4.6,93.8,1.6,1.274,1.109,94.0,18.84,17.56,93.2,0:49/名下0.53/亲生0.00 1:192/名下1.61/亲生0.94 2:111/名下2.40/亲生1.82 3:16/名下4.25/亲生3.44,1.190,6.8,无子女者: 69人/已婚12.0年/Σp0.08/其中女同4人,本队列女同 20 人（5.4%）,0.8890891883216341,3233831,1753,1472,45,87,11157,25.10,42.0,19.6,0,0,0.3276,1.5430,0.604,0.965,0.961,0.926,0.871,0.808,0.660
172,17318,11296,14996,8667,4121,0,3111047,3691,1.5451,1.2500,1.8809,1.5047,42.07,277698,25.2,0.0416,139.0,89392,0.7879,0.7838,1.1209,0.8237,0.000,0.777,0.966,0.982,0.967,0.965,0.923,378,1.786,12.2,31.7,31.7,24.3,1.9,5.0,93.1,1.9,1.238,1.048,95.5,18.81,17.56,93.4,0:55/名下0.55/亲生0.00 1:197/名下1.61/亲生0.96 2:112/名下2.43/亲生1.83 3:14/名下3.93/亲生3.36,1.169,7.1,无子女者: 71人/已婚12.6年/Σp0.06/其中女同4人,本队列女同 22 人（5.8%）,1.248278306101355,3436597,1815,1521,62,97,11296,25.09,42.0,19.6,0,0,0.3270,1.6973,0.576,0.965,0.961,0.926,0.871,0.808,0.660
173,17475,11426,15196,8783,4165,0,3128533,3719,1.4916,1.2500,1.5062,1.2050,42.13,288344,23.4,0.0374,121.4,96229,0.7866,0.7894,1.1167,0.8384,0.000,0.780,0.970,0.981,0.977,0.968,0.922,409,1.829,11.2,31.5,31.8,25.4,2.0,4.9,93.2,2.0,1.257,1.129,93.4,18.67,17.40,93.2,0:50/名下0.62/亲生0.00 1:225/名下1.57/亲生0.92 2:117/名下2.51/亲生1.86 3:17/名下4.06/亲生3.24,1.174,5.6,无子女者: 75人/已婚10.8年/Σp0.12/其中女同3人,本队列女同 30 人（7.3%）,1.4788427273055333,2983340,2359,1970,53,88,11426,25.09,42.0,19.6,0,0,0.3316,1.3591,0.720,0.965,0.961,0.926,0.871,0.808,0.660
174,17647,11561,15361,8878,4210,0,3145441,3738,1.4841,1.2500,1.8878,1.5102,42.15,314533,24.2,0.0389,156.5,100806,0.7870,0.7850,1.1123,0.8259,0.000,0.745,0.977,0.986,0.969,0.976,0.918,424,1.771,12.5,33.3,30.0,24.3,2.6,4.7,92.7,2.6,1.245,1.097,92.0,18.43,17.21,93.3,0:46/名下0.59/亲生0.02 1:246/名下1.52/亲生0.91 2:117/名下2.44/亲生1.83 3:15/名下4.20/亲生3.20,1.149,6.1,无子女者: 75人/已婚9.7年/Σp0.12/其中女同3人,本队列女同 31 人（7.3%）,1.3807376400503415,3613812,2026,1671,48,110,11561,25.09,42.0,19.6,0,0,0.3293,1.6349,0.581,0.965,0.961,0.926,0.871,0.808,0.660
175,17817,11707,15550,8987,4254,0,3151475,3765,1.5206,1.2500,1.9514,1.5611,42.14,329927,27.1,0.0335,135.5,98871,0.7887,0.7865,1.1088,0.8212,0.000,0.756,0.982,0.992,0.970,0.972,0.922,412,1.738,13.3,33.3,30.1,23.3,2.2,4.9,93.0,2.2,1.248,1.157,91.5,18.29,17.12,93.6,0:45/名下0.49/亲生0.02 1:234/名下1.49/亲生0.90 2:120/名下2.45/亲生1.87 3:13/名下3.92/亲生2.92,1.148,6.6,无子女者: 74人/已婚9.8年/Σp0.11/其中女同3人,本队列女同 31 人（7.5%）,0.44267175409788706,3229822,2093,1729,40,109,11707,25.08,42.0,19.6,0,0,0.3443,1.3801,0.688,0.965,0.961,0.926,0.871,0.808,0.660
176,18044,11879,15742,9098,4300,0,3171621,3783,1.6377,1.2500,1.3236,1.0589,42.08,331729,25.4,0.0324,159.6,93338,0.7868,0.7898,1.1097,0.8274,0.000,0.764,0.986,0.994,0.980,0.972,0.908,425,1.762,12.9,33.2,29.2,24.7,1.4,7.1,91.5,1.4,1.264,1.192,91.3,18.67,17.45,93.5,0:42/名下0.45/亲生0.02 1:244/名下1.51/亲生0.90 2:126/名下2.46/亲生1.85 3:13/名下3.92/亲生3.00,1.160,6.6,无子女者: 72人/已婚10.5年/Σp0.11/其中女同3人,本队列女同 28 人（6.6%）,0.2496626311764487,3217910,2220,1863,37,84,11879,25.08,42.0,19.6,0,0,0.3582,1.6944,0.574,0.965,0.961,0.926,0.871,0.808,0.660
177,18199,11985,15926,9205,4346,0,3199940,3834,1.4222,1.2500,2.0058,1.6047,42.13,325004,27.8,0.0349,134.2,100251,0.7899,0.7887,1.1037,0.8281,0.000,0.753,0.990,0.992,0.982,0.970,0.909,406,1.754,12.8,32.3,31.5,23.4,1.0,5.9,93.1,1.0,1.271,1.149,92.1,18.78,17.54,93.4,0:40/名下0.45/亲生0.03 1:234/名下1.56/亲生0.93 2:116/名下2.31/亲生1.81 3:16/名下3.88/亲生3.00,1.172,6.2,无子女者: 66人/已婚10.9年/Σp0.05/其中女同4人,本队列女同 24 人（5.9%）,0.14665299298167156,3364329,1929,1626,36,66,11985,25.08,42.0,19.6,0,0,0.3448,1.3685,0.705,0.965,0.961,0.926,0.871,0.808,0.660
178,18395,12152,16112,9312,4392,0,3223737,3949,1.5273,1.2500,2.1123,1.6898,42.08,314345,23.7,0.0389,177.0,103911,0.7890,0.7903,1.1134,0.8197,0.000,0.762,0.993,0.989,0.980,0.981,0.911,413,1.741,13.1,33.2,30.8,23.0,1.2,7.3,91.5,1.2,1.269,1.158,93.0,18.85,17.59,93.3,0:48/名下0.44/亲生0.00 1:230/名下1.56/亲生0.94 2:113/名下2.26/亲生1.77 3:22/名下3.82/亲生3.00,1.169,6.8,无子女者: 74人/已婚11.8年/Σp0.03/其中女同4人,本队列女同 23 人（5.6%）,0.2041876745209379,3372908,2160,1846,38,72,12152,25.08,42.0,19.6,0,0,0.3515,1.6949,0.565,0.965,0.961,0.926,0.871,0.808,0.660
179,18592,12322,16290,9415,4438,0,3232323,4007,1.6015,1.2500,2.1115,1.6892,42.00,313093,24.6,0.0408,157.4,96576,0.7872,0.7834,1.1117,0.8160,0.000,0.724,0.991,0.991,0.983,0.983,0.903,410,1.778,12.0,34.1,29.8,24.1,1.7,6.6,91.7,1.7,1.273,1.207,92.9,18.55,17.29,93.2,0:40/名下0.38/亲生0.00 1:242/名下1.58/亲生0.93 2:107/名下2.31/亲生1.79 3:21/名下4.05/亲生3.14,1.180,5.9,无子女者: 67人/已婚10.8年/Σp0.05/其中女同4人,本队列女同 19 人（4.6%）,0.17854890329624595,3532058,1936,1637,30,72,12322,25.07,42.0,19.6,0,0,0.3336,1.7141,0.561,0.965,0.961,0.926,0.871,0.808,0.660
180,18768,12459,16459,9513,4484,0,3242682,4035,1.5305,1.2500,1.5380,1.2304,41.98,331062,25.9,0.0379,126.7,91610,0.7793,0.7775,1.1209,0.7997,0.000,0.708,0.987,0.994,0.978,0.971,0.910,445,1.766,10.6,35.7,31.5,22.2,2.2,5.4,92.4,2.2,1.261,1.175,92.8,18.46,17.23,93.3,0:40/名下0.50/亲生0.00 1:271/名下1.58/亲生0.94 2:114/名下2.25/亲生1.77 3:20/名下4.10/亲生3.10,1.164,4.3,无子女者: 70人/已婚10.0年/Σp0.05/其中女同5人,本队列女同 22 人（4.9%）,0.18770889172316174,3749961,1902,1611,39,78,12459,25.07,42.0,19.6,0,0,0.3399,1.3958,0.674,0.965,0.961,0.926,0.871,0.808,0.660
181,18935,12590,16664,9631,4530,0,3253516,4062,1.4473,1.2500,1.2684,1.0147,42.06,353444,27.4,0.0376,128.1,103585,0.7777,0.7781,1.1185,0.7900,0.000,0.731,0.984,0.987,0.974,0.979,0.894,455,1.752,11.0,35.6,29.9,23.5,2.4,6.6,91.0,2.4,1.235,1.152,92.5,18.46,17.24,93.4,0:42/名下0.48/亲生0.00 1:281/名下1.60/亲生0.93 2:117/名下2.32/亲生1.80 3:15/名下3.67/亲生2.93,1.134,4.8,无子女者: 73人/已婚9.8年/Σp0.06/其中女同4人,本队列女同 20 人（4.4%）,0.5987588728777098,3135962,2421,2078,39,58,12590,25.07,42.0,19.6,0,0,0.3449,1.2142,0.764,0.965,0.961,0.926,0.871,0.808,0.660
182,19132,12740,16871,9751,4576,0,3282831,4035,1.4476,1.2500,1.6393,1.3114,42.08,372848,24.0,0.0352,154.3,114131,0.7852,0.7853,1.1157,0.8024,0.000,0.728,0.988,0.994,0.983,0.977,0.897,441,1.814,10.9,32.7,31.7,24.7,1.6,6.6,91.8,1.6,1.231,1.164,93.7,18.73,17.46,93.2,0:45/名下0.47/亲生0.00 1:262/名下1.67/亲生0.94 2:123/名下2.46/亲生1.85 3:11/名下3.55/亲生2.91,1.145,5.2,无子女者: 70人/已婚10.8年/Σp0.05/其中女同5人,本队列女同 18 人（4.1%）,0.3101524989355937,3091165,2417,2057,31,59,12740,25.07,42.0,19.6,0,0,0.3425,1.3521,0.694,0.965,0.961,0.926,0.871,0.808,0.660
183,19325,12889,17083,9873,4625,0,3319947,4088,1.4362,1.2500,1.3121,1.0497,42.06,383512,25.9,0.0349,141.6,120297,0.7891,0.7878,1.1197,0.7959,0.000,0.727,0.984,0.996,0.996,0.971,0.917,457,1.779,11.8,33.0,31.7,23.4,1.8,4.8,93.4,1.8,1.206,1.130,94.1,18.97,17.63,92.9,0:52/名下0.62/亲生0.00 1:270/名下1.61/亲生0.94 2:124/名下2.44/亲生1.82 3:11/名下4.00/亲生3.00,1.125,5.9,无子女者: 77人/已婚11.5年/Σp0.02/其中女同5人,本队列女同 21 人（4.6%）,0.26786269514741434,3015914,2262,1905,25,60,12889,25.06,42.0,19.6,0,0,0.3299,1.2153,0.768,0.965,0.961,0.926,0.871,0.808,0.660
184,19544,13053,17294,9995,4674,0,3344196,4127,1.4748,1.2500,1.6213,1.2970,42.00,374621,24.8,0.0369,181.4,123647,0.7848,0.7830,1.1312,0.8031,0.000,0.708,0.982,0.991,0.995,0.982,0.914,410,1.763,12.9,32.7,30.7,23.7,0.7,6.1,93.2,0.7,1.207,1.164,95.1,19.00,17.63,92.8,0:56/名下0.55/亲生0.00 1:225/名下1.54/亲生0.95 2:117/名下2.53/亲生1.88 3:12/名下4.08/亲生3.00,1.144,7.8,无子女者: 74人/已婚12.9年/Σp0.02/其中女同7人,本队列女同 23 人（5.6%）,0.12995181772694764,3065236,2163,1848,24,68,13053,25.06,42.0,19.6,0,0,0.3597,1.4130,0.672,0.965,0.961,0.926,0.871,0.808,0.660
185,19766,13218,17510,10120,4722,0,3352190,4204,1.4985,1.2500,1.5928,1.2742,41.99,363787,25.7,0.0373,165.9,124798,0.7852,0.7884,1.1282,0.8030,0.000,0.725,0.969,0.996,0.991,0.982,0.913,424,1.783,13.2,31.4,32.1,23.3,1.4,5.9,92.7,1.4,1.203,1.134,94.3,18.81,17.43,92.7,0:60/名下0.60/亲生0.00 1:235/名下1.56/亲生0.94 2:114/名下2.50/亲生1.87 3:15/名下4.53/亲生3.13,1.132,7.8,无子女者: 81人/已婚12.9年/Σp0.01/其中女同8人,本队列女同 27 人（6.4%）,0.3253630973127599,3012044,2010,1669,32,62,13218,25.06,42.0,19.6,0,0,0.3410,1.3261,0.703,0.965,0.961,0.926,0.871,0.808,0.660
186,19945,13377,17702,10231,4770,0,3373807,4214,1.4724,1.2500,1.5086,1.2069,41.98,366277,24.5,0.0418,176.2,125272,0.7874,0.7871,1.1269,0.8113,0.000,0.741,0.965,0.993,0.981,0.982,0.917,442,1.778,14.0,29.6,33.3,23.1,2.9,5.7,91.4,2.9,1.208,1.138,92.5,18.35,17.00,92.6,0:55/名下0.55/亲生0.00 1:258/名下1.61/亲生0.92 2:113/名下2.40/亲生1.82 3:16/名下4.38/亲生3.13,1.115,6.6,无子女者: 84人/已婚10.9年/Σp0.04/其中女同6人,本队列女同 22 人（5.0%）,0.765904398106386,3536878,2191,1810,43,61,13377,25.06,42.0,19.6,0,0,0.3714,1.3029,0.723,0.965,0.961,0.926,0.871,0.808,0.660
187,20144,13547,17904,10348,4817,0,3345137,4255,1.5046,1.2500,1.5222,1.2178,41.96,372152,24.0,0.0374,164.1,126575,0.7884,0.7876,1.1201,0.8197,0.000,0.745,0.961,0.990,0.980,0.973,0.926,438,1.779,13.7,29.9,32.9,23.5,2.1,4.1,93.8,2.1,1.219,1.121,92.2,18.28,17.02,93.1,0:56/名下0.48/亲生0.00 1:246/名下1.60/亲生0.91 2:122/名下2.50/亲生1.84 3:14/名下3.79/亲生2.93,1.119,5.9,无子女者: 86人/已婚10.2年/Σp0.05/其中女同7人,本队列女同 25 人（5.7%）,0.8233348593356027,3377296,2150,1817,50,85,13547,25.06,42.0,19.6,0,0,0.3650,1.2438,0.771,0.965,0.961,0.926,0.871,0.808,0.660
188,20376,13737,18132,10480,4865,0,3364989,4260,1.5876,1.2500,1.1866,0.9492,41.89,396109,24.7,0.0378,173.0,125878,0.7865,0.7910,1.1187,0.8223,0.000,0.746,0.974,0.990,0.988,0.979,0.928,448,1.819,14.5,27.9,32.1,25.4,1.8,4.9,93.3,1.8,1.239,1.193,90.8,18.20,16.93,93.0,0:48/名下0.42/亲生0.00 1:262/名下1.63/亲生0.90 2:123/名下2.54/亲生1.80 3:15/名下3.60/亲生2.93,1.118,6.3,无子女者: 86人/已婚9.3年/Σp0.07/其中女同4人,本队列女同 20 人（4.5%）,0.9339948746221864,2871501,2384,2009,34,89,13737,25.05,42.0,19.6,0,0,0.3625,1.3511,0.722,0.965,0.961,0.926,0.871,0.808,0.660
189,20601,13913,18382,10624,4912,0,3392899,4308,1.5610,1.2500,1.4587,1.1670,41.90,420558,23.8,0.0337,161.3,128658,0.7935,0.7967,1.1151,0.8223,0.000,0.742,0.970,0.997,0.989,0.970,0.923,451,1.874,13.3,27.3,32.2,27.3,1.3,5.3,93.3,1.3,1.268,1.201,92.0,18.40,17.16,93.2,0:50/名下0.44/亲生0.00 1:247/名下1.66/亲生0.92 2:139/名下2.62/亲生1.81 3:15/名下3.33/亲生2.87,1.157,5.8,无子女者: 83人/已婚9.3年/Σp0.08/其中女同4人,本队列女同 19 人（4.2%）,0.7245537649102971,2456653,2974,2573,36,69,13913,25.05,42.0,19.6,0,0,0.3420,1.2834,0.748,0.965,0.961,0.926,0.871,0.808,0.660
190,20830,14099,18597,10749,4960,0,3435955,4341,1.5885,1.2500,1.6937,1.3549,41.89,429864,24.1,0.0342,203.0,130499,0.7950,0.7944,1.1199,0.8259,0.000,0.775,0.959,0.995,0.991,0.982,0.912,462,1.877,12.6,27.5,31.6,28.4,1.9,5.2,92.9,1.9,1.297,1.255,92.9,18.77,17.50,93.2,0:47/名下0.51/亲生0.00 1:250/名下1.58/亲生0.92 2:150/名下2.65/亲生1.87 3:15/名下3.33/亲生3.00,1.201,6.5,无子女者: 78人/已婚10.2年/Σp0.13/其中女同5人,本队列女同 24 人（5.2%）,0.9701935950417635,3221334,2416,2047,31,66,14099,25.05,42.0,19.6,0,0,0.3345,1.5961,0.589,0.965,0.961,0.926,0.871,0.808,0.660
191,21063,14278,18818,10876,5008,0,3450884,4394,1.5692,1.2500,1.3500,1.0800,41.86,430145,23.6,0.0348,170.9,122534,0.7940,0.7937,1.1252,0.8425,0.000,0.773,0.963,0.992,0.995,0.977,0.927,470,1.883,13.2,28.5,29.1,29.1,1.9,4.0,94.0,1.9,1.294,1.231,91.5,18.66,17.40,93.2,0:43/名下0.49/亲生0.00 1:269/名下1.59/亲生0.90 2:141/名下2.65/亲生1.84 3:17/名下3.71/亲生3.18,1.185,6.6,无子女者: 79人/已婚10.1年/Σp0.13/其中女同4人,本队列女同 23 人（4.9%）,1.3372018448368692,3081978,2129,1842,35,81,14278,25.05,42.0,19.6,0,0,0.3405,1.4515,0.669,0.965,0.961,0.926,0.871,0.808,0.660
192,21275,14465,18986,10973,5056,0,3455006,4489,1.5919,1.2500,1.8612,1.4890,41.77,418053,23.5,0.0355,179.2,117130,0.7938,0.7930,1.1299,0.8311,0.000,0.739,0.975,0.987,0.991,0.984,0.924,478,1.837,12.1,31.0,30.8,26.2,2.3,4.8,92.9,2.3,1.259,1.161,92.1,18.66,17.46,93.6,0:50/名下0.60/亲生0.00 1:277/名下1.57/亲生0.91 2:134/名下2.60/亲生1.86 3:17/名下3.71/亲生3.18,1.161,5.9,无子女者: 83人/已婚10.6年/Σp0.11/其中女同5人,本队列女同 28 人（5.9%）,1.2545202628082848,4235038,1886,1584,35,99,14465,25.05,42.0,19.6,0,0,0.3506,1.5277,0.628,0.965,0.961,0.926,0.871,0.808,0.660
193,21468,14618,19221,11109,5105,0,3433190,4555,1.4976,1.2500,1.5046,1.2036,41.79,411867,28.1,0.0392,152.7,106955,0.7917,0.7925,1.1211,0.8075,0.000,0.727,0.977,0.989,0.984,0.987,0.923,450,1.818,12.0,30.9,32.2,24.9,1.1,5.1,93.8,1.1,1.258,1.200,92.9,18.96,17.71,93.4,0:43/名下0.51/亲生0.00 1:268/名下1.58/亲生0.92 2:124/名下2.60/亲生1.89 3:15/名下3.40/亲生3.00,1.167,6.2,无子女者: 72人/已婚10.9年/Σp0.14/其中女同4人,本队列女同 30 人（6.7%）,1.1634389583353197,2841845,2340,1950,30,96,14618,25.05,42.0,19.6,0,0,0.3450,1.4137,0.662,0.965,0.961,0.926,0.871,0.808,0.660
194,21655,14756,19437,11234,5154,0,3442949,4564,1.3707,1.2500,1.1986,0.9589,41.91,415559,23.9,0.0408,155.7,115549,0.7889,0.7870,1.1125,0.7970,0.000,0.726,0.974,0.986,0.989,0.985,0.919,459,1.826,12.0,29.4,35.3,23.3,0.9,6.1,93.0,0.9,1.281,1.232,91.9,18.85,17.67,93.8,0:45/名下0.60/亲生0.00 1:269/名下1.55/亲生0.90 2:124/名下2.57/亲生1.89 3:21/名下3.52/亲生3.14,1.183,5.9,无子女者: 77人/已婚10.7年/Σp0.13/其中女同4人,本队列女同 34 人（7.4%）,0.9474239660596595,3310994,2531,2145,23,90,14756,25.05,42.0,19.6,0,0,0.3499,1.3084,0.712,0.965,0.961,0.926,0.871,0.808,0.660
195,21880,14927,19676,11372,5202,0,3451852,4569,1.4345,1.2500,1.5244,1.2195,41.98,432650,26.6,0.0363,179.4,126381,0.7869,0.7891,1.1079,0.8016,0.000,0.730,0.975,0.987,0.995,0.981,0.922,463,1.769,10.2,34.3,34.1,21.4,0.6,5.4,94.0,0.6,1.242,1.181,93.3,19.01,17.83,93.8,0:52/名下0.75/亲生0.00 1:270/名下1.49/亲生0.91 2:124/名下2.57/亲生1.94 3:17/名下3.47/亲生3.18,1.168,5.2,无子女者: 78人/已婚11.6年/Σp0.14/其中女同5人,本队列女同 37 人（8.0%）,0.5165593350353959,2808957,2559,2200,25,89,14927,25.04,42.0,19.6,0,0,0.3601,1.3468,0.695,0.965,0.961,0.926,0.871,0.808,0.660
196,22084,15100,19898,11501,5251,0,3481493,4549,1.4453,1.2500,1.5592,1.2474,41.96,470217,26.1,0.0353,176.7,130382,0.7897,0.7940,1.1137,0.8008,0.000,0.729,0.972,0.990,0.977,0.984,0.937,463,1.784,10.4,33.5,34.1,22.0,0.4,4.1,95.5,0.4,1.261,1.206,92.4,19.03,17.84,93.7,0:45/名下0.62/亲生0.00 1:274/名下1.48/亲生0.90 2:128/名下2.59/亲生1.95 3:16/名下3.75/亲生3.19,1.179,5.0,无子女者: 75人/已婚10.7年/Σp0.26/其中女同5人,本队列女同 33 人（7.1%）,0.8053751802168279,3233743,2330,2013,41,79,15100,25.04,42.0,19.6,0,0,0.3477,1.3276,0.703,0.965,0.961,0.926,0.871,0.808,0.660
197,22306,15254,20089,11611,5300,0,3510254,4647,1.3882,1.2500,1.2597,1.0078,41.98,484036,27.7,0.0334,172.2,135748,0.7934,0.7906,1.1217,0.8144,0.000,0.745,0.975,0.982,0.974,0.977,0.939,474,1.785,10.3,34.0,32.3,23.4,1.1,4.2,94.7,1.1,1.228,1.196,92.2,18.97,17.83,94.0,0:52/名下0.77/亲生0.00 1:284/名下1.51/亲生0.90 2:121/名下2.58/亲生1.91 3:17/名下3.76/亲生3.29,1.143,4.9,无子女者: 84人/已婚11.5年/Σp0.21/其中女同8人,本队列女同 33 人（7.0%）,1.5878377307283813,4002748,2262,1886,53,96,15254,25.04,42.0,19.6,0,0,0.3526,1.2229,0.762,0.965,0.961,0.926,0.871,0.808,0.660
198,22554,15443,20320,11744,5349,0,3544803,4623,1.4649,1.2500,1.6032,1.2826,41.99,493900,24.1,0.0331,190.4,138969,0.7890,0.7879,1.1288,0.8257,0.000,0.742,0.980,0.986,0.972,0.978,0.930,482,1.761,11.4,35.1,29.9,23.7,1.7,5.0,93.4,1.7,1.197,1.113,93.2,19.04,17.95,94.3,0:61/名下0.69/亲生0.00 1:283/名下1.54/亲生0.92 2:122/名下2.57/亲生1.89 3:16/名下3.69/亲生2.94,1.114,5.8,无子女者: 89人/已婚12.2年/Σp0.15/其中女同7人,本队列女同 31 人（6.4%）,1.3048578220027593,3160381,2900,2397,50,106,15443,25.04,42.0,19.6,0,0,0.3702,1.2795,0.740,0.965,0.961,0.926,0.871,0.808,0.660
199,22775,15635,20543,11873,5399,0,3536287,4726,1.5230,1.2500,1.2501,1.0000,41.99,476871,25.2,0.0353,182.5,132604,0.7885,0.7871,1.1258,0.8208,0.000,0.714,0.983,0.988,0.981,0.977,0.916,481,1.805,10.0,33.9,32.2,23.9,1.5,5.8,92.7,1.5,1.241,1.160,94.0,19.23,18.11,94.1,0:48/名下0.65/亲生0.00 1:293/名下1.57/亲生0.94 2:120/名下2.51/亲生1.87 3:20/名下3.75/亲生3.05,1.162,4.8,无子女者: 74人/已婚12.0年/Σp0.15/其中女同5人,本队列女同 32 人（6.7%）,0.6849407019068678,3357141,2898,2364,45,92,15635,25.04,42.0,19.6,0,0,0.3639,1.2869,0.725,0.965,0.961,0.926,0.871,0.808,0.660
200,23006,15827,20778,12009,5448,0,3541400,4756,1.5454,1.2500,1.5516,1.2413,42.06,462068,23.0,0.0396,203.8,136854,0.7878,0.7855,1.1218,0.8067,0.000,0.707,0.985,0.988,0.982,0.973,0.924,502,1.815,8.6,35.7,32.3,23.5,1.2,4.6,94.2,1.2,1.247,1.147,95.0,19.11,17.98,94.1,0:49/名下0.71/亲生0.00 1:306/名下1.54/亲生0.94 2:126/名下2.57/亲生1.91 3:21/名下3.86/亲生3.10,1.183,3.8,无子女者: 72人/已婚11.7年/Σp0.04/其中女同5人,本队列女同 38 人（7.6%）,0.6586036961997195,3083652,2724,2252,46,107,15827,25.05,42.0,19.6,0,0,0.3711,1.3645,0.683,0.965,0.961,0.926,0.871,0.808,0.660
